order_id,customer_id,order_date,city,product_category,quantity,price_per_unit,total_amount,discount_percent,discount_amount,final_amount,payment_method
1,CUST1094,2023-11-24,Mumbai,Clothing,1,404,404,10,40.4,363.6,UPI
2,CUST1011,2023-02-22,Pune,Electronics,5,912,4560,20,912.0,3648.0,Net Banking
3,CUST1091,2023-04-22,Chennai,Clothing,2,4339,8678,20,1735.6,6942.4,Credit Card
4,CUST1000,2023-11-29,Chennai,Home,5,3636,18180,5,909.0,17271.0,Net Banking
5,CUST1013,2023-03-23,Mumbai,Home,4,2987,11948,10,1194.8,10753.2,UPI
6,CUST1005,2023-02-17,Chennai,Home,4,992,3968,10,396.8,3571.2,Debit Card
7,CUST1080,2023-08-24,Chennai,Home,5,1222,6110,15,916.5,5193.5,Credit Card
8,CUST1098,2023-11-13,Pune,Clothing,3,4929,14787,5,739.35,14047.65,Credit Card
9,CUST1081,2023-05-29,Delhi,Sports,1,2107,2107,0,0.0,2107.0,Net Banking
10,CUST1077,2023-07-06,Delhi,Electronics,2,3232,6464,10,646.4,5817.6,UPI
11,CUST1034,2023-11-22,Bangalore,Sports,2,4575,9150,5,457.5,8692.5,UPI
12,CUST1040,2023-11-24,Mumbai,Electronics,5,1999,9995,10,999.5,8995.5,Credit Card
13,CUST1083,2023-07-25,Delhi,Clothing,3,742,2226,5,111.3,2114.7,Cash on Delivery
14,CUST1095,2023-09-13,Mumbai,Clothing,4,3958,15832,5,791.6,15040.4,Debit Card
15,CUST1046,2023-10-15,Chennai,Sports,5,2352,11760,20,2352.0,9408.0,Net Banking
16,CUST1019,2023-04-23,Pune,Electronics,2,4374,8748,15,1312.2,7435.8,Credit Card
17,CUST1076,2023-11-18,Bangalore,Sports,2,3658,7316,20,1463.2,5852.8,Credit Card
18,CUST1096,2023-08-28,Pune,Beauty,5,2259,11295,20,2259.0,9036.0,Credit Card
19,CUST1000,2023-05-17,Mumbai,Sports,3,1113,3339,10,333.9,3005.1,Net Banking
20,CUST1077,2023-05-15,Delhi,Beauty,5,1663,8315,20,1663.0,6652.0,Credit Card
21,CUST1076,2023-04-12,Chennai,Electronics,2,3263,6526,5,326.3,6199.7,Cash on Delivery
22,CUST1007,2023-06-15,Delhi,Clothing,4,359,1436,0,0.0,1436.0,Debit Card
23,CUST1098,2023-05-04,Pune,Beauty,5,845,4225,0,0.0,4225.0,Net Banking
24,CUST1077,2023-03-06,Delhi,Beauty,2,4093,8186,20,1637.2,6548.8,UPI
25,CUST1056,2023-08-05,Bangalore,Home,2,4617,9234,5,461.7,8772.3,Debit Card
26,CUST1002,2023-09-22,Pune,Home,4,1191,4764,5,238.2,4525.8,UPI
27,CUST1090,2023-10-29,Pune,Electronics,5,2085,10425,20,2085.0,8340.0,UPI
28,CUST1065,2023-11-20,Delhi,Electronics,1,2075,2075,0,0.0,2075.0,Credit Card
29,CUST1073,2023-05-02,Mumbai,Beauty,3,4176,12528,5,626.4,11901.6,Cash on Delivery
30,CUST1084,2023-08-31,Pune,Electronics,2,4074,8148,15,1222.2,6925.8,UPI
31,CUST1007,2023-08-09,Pune,Electronics,3,3669,11007,15,1651.05,9355.95,Net Banking
32,CUST1057,2023-07-26,Mumbai,Beauty,3,1095,3285,5,164.25,3120.75,UPI
33,CUST1056,2023-03-13,Mumbai,Electronics,4,1703,6812,10,681.2,6130.8,Net Banking
34,CUST1021,2023-10-09,Pune,Clothing,1,614,614,20,122.8,491.2,Credit Card
35,CUST1048,2023-07-28,Pune,Clothing,4,4143,16572,5,828.6,15743.4,Net Banking
36,CUST1084,2023-01-02,Bangalore,Beauty,4,2372,9488,15,1423.2,8064.8,Debit Card
37,CUST1094,2023-09-07,Pune,Beauty,2,1755,3510,10,351.0,3159.0,UPI
38,CUST1064,2023-10-05,Chennai,Sports,1,2769,2769,0,0.0,2769.0,Credit Card
39,CUST1076,2023-09-29,Mumbai,Electronics,2,665,1330,20,266.0,1064.0,Credit Card
40,CUST1076,2023-02-04,Mumbai,Beauty,2,3507,7014,0,0.0,7014.0,Cash on Delivery
41,CUST1040,2023-01-21,Chennai,Beauty,5,871,4355,15,653.25,3701.75,Cash on Delivery
42,CUST1085,2023-05-14,Bangalore,Clothing,2,2773,5546,5,277.3,5268.7,Debit Card
43,CUST1079,2023-11-27,Pune,Sports,3,3945,11835,10,1183.5,10651.5,Credit Card
44,CUST1016,2023-10-16,Chennai,Home,1,800,800,20,160.0,640.0,UPI
45,CUST1069,2023-06-28,Mumbai,Sports,1,2201,2201,10,220.1,1980.9,Debit Card
46,CUST1017,2023-12-27,Delhi,Electronics,3,4533,13599,0,0.0,13599.0,Cash on Delivery
47,CUST1077,2023-05-16,Delhi,Home,1,1076,1076,20,215.2,860.8,UPI
48,CUST1006,2023-04-18,Bangalore,Home,3,1867,5601,10,560.1,5040.9,Cash on Delivery
49,CUST1081,2023-02-17,Delhi,Clothing,4,2466,9864,0,0.0,9864.0,Credit Card
50,CUST1014,2023-05-15,Chennai,Electronics,2,3819,7638,20,1527.6,6110.4,Net Banking
51,CUST1018,2023-02-08,Chennai,Beauty,2,4669,9338,0,0.0,9338.0,Debit Card
52,CUST1026,2023-08-09,Pune,Home,2,542,1084,10,108.4,975.6,Debit Card
53,CUST1095,2023-12-16,Bangalore,Beauty,2,1042,2084,10,208.4,1875.6,Cash on Delivery
54,CUST1094,2023-03-21,Pune,Clothing,2,1531,3062,5,153.1,2908.9,Net Banking
55,CUST1004,2023-06-20,Pune,Sports,4,2232,8928,10,892.8,8035.2,UPI
56,CUST1028,2023-08-29,Delhi,Clothing,2,1834,3668,15,550.2,3117.8,Debit Card
57,CUST1044,2023-01-13,Pune,Home,2,3464,6928,10,692.8,6235.2,Debit Card
58,CUST1033,2023-11-25,Pune,Electronics,5,3474,17370,20,3474.0,13896.0,Debit Card
59,CUST1044,2023-04-02,Chennai,Sports,5,2374,11870,0,0.0,11870.0,Credit Card
60,CUST1032,2023-06-10,Chennai,Clothing,4,4389,17556,0,0.0,17556.0,Net Banking
61,CUST1055,2023-01-23,Mumbai,Home,4,213,852,20,170.4,681.6,Cash on Delivery
62,CUST1085,2023-02-05,Chennai,Home,3,2771,8313,0,0.0,8313.0,Debit Card
63,CUST1053,2023-07-29,Mumbai,Clothing,3,3496,10488,10,1048.8,9439.2,Cash on Delivery
64,CUST1070,2023-12-07,Delhi,Sports,4,1625,6500,20,1300.0,5200.0,Cash on Delivery
65,CUST1083,2023-01-01,Chennai,Beauty,3,2550,7650,5,382.5,7267.5,Net Banking
66,CUST1094,2023-06-14,Chennai,Sports,4,3819,15276,15,2291.4,12984.6,UPI
67,CUST1096,2023-03-28,Delhi,Electronics,1,2524,2524,20,504.8,2019.2,Cash on Delivery
68,CUST1031,2023-05-01,Pune,Electronics,3,2040,6120,5,306.0,5814.0,UPI
69,CUST1091,2023-09-01,Chennai,Clothing,5,796,3980,15,597.0,3383.0,Net Banking
70,CUST1096,2023-12-23,Mumbai,Electronics,4,4249,16996,15,2549.4,14446.6,UPI
71,CUST1071,2023-02-24,Bangalore,Electronics,4,1992,7968,5,398.4,7569.6,Cash on Delivery
72,CUST1076,2023-05-08,Chennai,Beauty,1,3939,3939,5,196.95,3742.05,Net Banking
73,CUST1095,2023-06-12,Bangalore,Clothing,4,4335,17340,15,2601.0,14739.0,Cash on Delivery
74,CUST1080,2023-09-01,Chennai,Sports,4,2323,9292,5,464.6,8827.4,Debit Card
75,CUST1042,2023-05-03,Mumbai,Home,3,3803,11409,0,0.0,11409.0,Debit Card
76,CUST1088,2023-06-13,Mumbai,Sports,5,860,4300,5,215.0,4085.0,UPI
77,CUST1059,2023-03-20,Delhi,Beauty,2,726,1452,15,217.8,1234.2,Net Banking
78,CUST1097,2023-08-01,Chennai,Electronics,1,1894,1894,15,284.1,1609.9,Net Banking
79,CUST1053,2023-10-22,Delhi,Sports,4,4107,16428,0,0.0,16428.0,Debit Card
80,CUST1062,2023-10-03,Delhi,Sports,5,2006,10030,15,1504.5,8525.5,UPI
81,CUST1079,2023-01-15,Bangalore,Clothing,4,2953,11812,15,1771.8,10040.2,UPI
82,CUST1082,2023-10-01,Pune,Electronics,1,3427,3427,20,685.4,2741.6,Cash on Delivery
83,CUST1041,2023-08-08,Delhi,Sports,2,3982,7964,5,398.2,7565.8,Credit Card
84,CUST1032,2023-04-19,Delhi,Sports,4,2877,11508,10,1150.8,10357.2,Net Banking
85,CUST1083,2023-02-11,Delhi,Clothing,4,358,1432,20,286.4,1145.6,Credit Card
86,CUST1019,2023-02-05,Pune,Beauty,1,454,454,5,22.7,431.3,UPI
87,CUST1089,2023-05-03,Mumbai,Sports,2,4079,8158,0,0.0,8158.0,Cash on Delivery
88,CUST1039,2023-05-12,Pune,Clothing,3,1574,4722,20,944.4,3777.6,Cash on Delivery
89,CUST1091,2023-02-25,Bangalore,Sports,5,410,2050,10,205.0,1845.0,Cash on Delivery
90,CUST1072,2023-04-12,Chennai,Electronics,1,2189,2189,0,0.0,2189.0,Debit Card
91,CUST1082,2023-01-22,Pune,Beauty,3,4564,13692,15,2053.8,11638.2,Debit Card
92,CUST1081,2023-06-24,Bangalore,Home,1,3641,3641,15,546.15,3094.85,Credit Card
93,CUST1068,2023-08-24,Delhi,Beauty,2,3767,7534,5,376.7,7157.3,Cash on Delivery
94,CUST1011,2023-09-05,Delhi,Clothing,4,3768,15072,20,3014.4,12057.6,Debit Card
95,CUST1043,2023-05-23,Chennai,Sports,4,2197,8788,15,1318.2,7469.8,Cash on Delivery
96,CUST1033,2023-01-15,Mumbai,Home,4,2862,11448,5,572.4,10875.6,Net Banking
97,CUST1010,2023-06-24,Chennai,Clothing,3,2463,7389,20,1477.8,5911.2,Credit Card
98,CUST1057,2023-05-04,Bangalore,Sports,4,4202,16808,20,3361.6,13446.4,UPI
99,CUST1084,2023-01-09,Mumbai,Home,1,2610,2610,5,130.5,2479.5,Net Banking
100,CUST1095,2023-10-25,Delhi,Sports,3,4076,12228,20,2445.6,9782.4,Cash on Delivery
101,CUST1029,2023-10-09,Delhi,Home,3,3082,9246,15,1386.9,7859.1,Debit Card
102,CUST1027,2023-03-03,Mumbai,Clothing,2,2784,5568,0,0.0,5568.0,Cash on Delivery
103,CUST1037,2023-09-05,Pune,Clothing,3,4497,13491,20,2698.2,10792.8,Debit Card
104,CUST1035,2023-04-27,Chennai,Clothing,3,1669,5007,10,500.7,4506.3,Credit Card
105,CUST1001,2023-01-24,Bangalore,Electronics,1,4733,4733,10,473.3,4259.7,UPI
106,CUST1006,2023-10-21,Delhi,Clothing,3,4045,12135,15,1820.25,10314.75,Net Banking
107,CUST1073,2023-05-10,Bangalore,Electronics,4,1134,4536,0,0.0,4536.0,Net Banking
108,CUST1031,2023-11-19,Delhi,Electronics,1,1442,1442,5,72.1,1369.9,Cash on Delivery
109,CUST1099,2023-03-02,Chennai,Clothing,5,3609,18045,20,3609.0,14436.0,Cash on Delivery
110,CUST1039,2023-09-25,Chennai,Sports,4,3890,15560,15,2334.0,13226.0,Debit Card
111,CUST1033,2023-10-19,Mumbai,Clothing,5,693,3465,20,693.0,2772.0,Credit Card
112,CUST1020,2023-12-05,Chennai,Electronics,1,1486,1486,5,74.3,1411.7,UPI
113,CUST1029,2023-01-02,Delhi,Electronics,4,3890,15560,20,3112.0,12448.0,Net Banking
114,CUST1084,2023-05-28,Delhi,Beauty,3,3919,11757,0,0.0,11757.0,UPI
115,CUST1018,2023-04-12,Mumbai,Home,4,1140,4560,20,912.0,3648.0,UPI
116,CUST1056,2023-02-06,Chennai,Home,1,1559,1559,10,155.9,1403.1,Cash on Delivery
117,CUST1063,2023-03-05,Chennai,Beauty,4,2691,10764,15,1614.6,9149.4,Debit Card
118,CUST1003,2023-08-13,Chennai,Home,1,526,526,15,78.9,447.1,Debit Card
119,CUST1005,2023-02-16,Delhi,Beauty,2,4912,9824,20,1964.8,7859.2,Credit Card
120,CUST1055,2023-03-31,Mumbai,Beauty,4,4451,17804,15,2670.6,15133.4,Debit Card
121,CUST1041,2023-11-22,Bangalore,Home,4,947,3788,15,568.2,3219.8,Debit Card
122,CUST1084,2023-12-10,Bangalore,Home,1,1517,1517,10,151.7,1365.3,Net Banking
123,CUST1041,2023-07-25,Delhi,Home,5,500,2500,15,375.0,2125.0,Credit Card
124,CUST1006,2023-03-01,Bangalore,Sports,4,4415,17660,0,0.0,17660.0,Cash on Delivery
125,CUST1026,2023-04-07,Bangalore,Electronics,5,3163,15815,20,3163.0,12652.0,Net Banking
126,CUST1003,2023-05-17,Bangalore,Electronics,5,1273,6365,10,636.5,5728.5,Net Banking
127,CUST1070,2023-11-19,Chennai,Electronics,5,2160,10800,5,540.0,10260.0,Debit Card
128,CUST1063,2023-07-28,Pune,Clothing,1,2040,2040,0,0.0,2040.0,Net Banking
129,CUST1058,2023-05-30,Bangalore,Clothing,5,2439,12195,15,1829.25,10365.75,Net Banking
130,CUST1008,2023-10-10,Chennai,Clothing,2,3342,6684,5,334.2,6349.8,Cash on Delivery
131,CUST1092,2023-05-22,Pune,Home,4,2984,11936,20,2387.2,9548.8,Debit Card
132,CUST1061,2023-06-02,Bangalore,Beauty,5,4950,24750,15,3712.5,21037.5,UPI
133,CUST1024,2023-06-26,Bangalore,Home,3,4721,14163,20,2832.6,11330.4,Net Banking
134,CUST1040,2023-12-24,Bangalore,Electronics,2,4884,9768,15,1465.2,8302.8,UPI
135,CUST1064,2023-08-31,Pune,Clothing,4,3362,13448,5,672.4,12775.6,Net Banking
136,CUST1001,2023-10-30,Chennai,Sports,3,1022,3066,15,459.9,2606.1,Credit Card
137,CUST1079,2023-03-15,Delhi,Home,4,1464,5856,0,0.0,5856.0,Net Banking
138,CUST1080,2023-12-21,Bangalore,Home,4,857,3428,10,342.8,3085.2,Cash on Delivery
139,CUST1029,2023-09-07,Mumbai,Home,5,494,2470,20,494.0,1976.0,Credit Card
140,CUST1003,2023-02-16,Mumbai,Home,4,1006,4024,0,0.0,4024.0,Net Banking
141,CUST1018,2023-01-24,Delhi,Sports,3,659,1977,10,197.7,1779.3,Debit Card
142,CUST1010,2023-05-06,Mumbai,Clothing,5,3575,17875,20,3575.0,14300.0,UPI
143,CUST1059,2023-11-09,Mumbai,Clothing,4,2172,8688,15,1303.2,7384.8,Cash on Delivery
144,CUST1086,2023-11-23,Bangalore,Home,3,3964,11892,10,1189.2,10702.8,Credit Card
145,CUST1081,2023-10-07,Chennai,Home,2,805,1610,15,241.5,1368.5,Debit Card
146,CUST1013,2023-08-06,Bangalore,Sports,3,3942,11826,10,1182.6,10643.4,UPI
147,CUST1002,2023-05-02,Delhi,Home,4,4885,19540,10,1954.0,17586.0,Cash on Delivery
148,CUST1095,2023-12-04,Pune,Beauty,4,2448,9792,0,0.0,9792.0,Cash on Delivery
149,CUST1079,2023-09-12,Mumbai,Clothing,3,2085,6255,20,1251.0,5004.0,Debit Card
150,CUST1074,2023-05-09,Bangalore,Electronics,2,995,1990,0,0.0,1990.0,Debit Card
151,CUST1025,2023-07-06,Bangalore,Clothing,2,938,1876,10,187.6,1688.4,Debit Card
152,CUST1032,2023-03-09,Delhi,Clothing,5,3197,15985,20,3197.0,12788.0,Cash on Delivery
153,CUST1096,2023-09-04,Pune,Clothing,3,2974,8922,0,0.0,8922.0,Net Banking
154,CUST1033,2023-04-26,Bangalore,Electronics,4,4765,19060,10,1906.0,17154.0,Credit Card
155,CUST1081,2023-10-02,Chennai,Sports,1,3925,3925,10,392.5,3532.5,Debit Card
156,CUST1041,2023-07-10,Chennai,Beauty,1,2115,2115,15,317.25,1797.75,Credit Card
157,CUST1017,2023-11-09,Bangalore,Electronics,2,717,1434,15,215.1,1218.9,Debit Card
158,CUST1068,2023-01-24,Pune,Clothing,1,2693,2693,15,403.95,2289.05,Credit Card
159,CUST1095,2023-03-11,Bangalore,Beauty,4,3916,15664,10,1566.4,14097.6,Cash on Delivery
160,CUST1004,2023-03-21,Bangalore,Home,4,1011,4044,15,606.6,3437.4,Cash on Delivery
161,CUST1012,2023-12-20,Mumbai,Home,3,1979,5937,15,890.55,5046.45,Net Banking
162,CUST1024,2023-12-18,Bangalore,Home,3,4660,13980,10,1398.0,12582.0,Credit Card
163,CUST1100,2023-03-04,Pune,Electronics,4,950,3800,5,190.0,3610.0,Cash on Delivery
164,CUST1026,2023-06-20,Pune,Beauty,2,1231,2462,20,492.4,1969.6,UPI
165,CUST1035,2023-10-28,Chennai,Electronics,2,2108,4216,10,421.6,3794.4,UPI
166,CUST1016,2023-03-16,Pune,Electronics,2,4625,9250,10,925.0,8325.0,UPI
167,CUST1033,2023-01-08,Pune,Clothing,3,2149,6447,20,1289.4,5157.6,Debit Card
168,CUST1057,2023-01-27,Pune,Sports,2,3648,7296,20,1459.2,5836.8,Credit Card
169,CUST1005,2023-07-05,Mumbai,Beauty,5,1093,5465,15,819.75,4645.25,Cash on Delivery
170,CUST1051,2023-12-04,Pune,Sports,5,2670,13350,15,2002.5,11347.5,Credit Card
171,CUST1077,2023-08-07,Pune,Home,1,4216,4216,15,632.4,3583.6,Credit Card
172,CUST1091,2023-03-17,Chennai,Beauty,1,1233,1233,10,123.3,1109.7,Cash on Delivery
173,CUST1055,2023-06-16,Chennai,Beauty,4,4546,18184,10,1818.4,16365.6,Net Banking
174,CUST1052,2023-02-20,Bangalore,Clothing,1,4716,4716,5,235.8,4480.2,Net Banking
175,CUST1040,2023-06-23,Delhi,Sports,4,3466,13864,15,2079.6,11784.4,Credit Card
176,CUST1010,2023-12-07,Pune,Electronics,3,3266,9798,5,489.9,9308.1,Net Banking
177,CUST1075,2023-02-17,Chennai,Electronics,4,991,3964,10,396.4,3567.6,UPI
178,CUST1092,2023-10-15,Delhi,Sports,5,2900,14500,0,0.0,14500.0,Net Banking
179,CUST1027,2023-01-27,Chennai,Beauty,3,2759,8277,10,827.7,7449.3,Credit Card
180,CUST1014,2023-03-21,Chennai,Home,4,2037,8148,0,0.0,8148.0,Debit Card
181,CUST1086,2023-05-23,Chennai,Beauty,5,2052,10260,15,1539.0,8721.0,Cash on Delivery
182,CUST1034,2023-11-26,Pune,Clothing,5,415,2075,20,415.0,1660.0,Debit Card
183,CUST1072,2023-12-26,Mumbai,Clothing,3,2983,8949,10,894.9,8054.1,Credit Card
184,CUST1027,2023-12-03,Pune,Beauty,4,770,3080,5,154.0,2926.0,Credit Card
185,CUST1092,2023-07-12,Delhi,Home,4,3916,15664,10,1566.4,14097.6,UPI
186,CUST1006,2023-06-16,Mumbai,Beauty,5,895,4475,0,0.0,4475.0,UPI
187,CUST1056,2023-12-12,Bangalore,Beauty,1,2429,2429,15,364.35,2064.65,Net Banking
188,CUST1014,2023-08-01,Delhi,Sports,3,1965,5895,20,1179.0,4716.0,Credit Card
189,CUST1050,2023-05-26,Pune,Clothing,5,4186,20930,20,4186.0,16744.0,Debit Card
190,CUST1097,2023-11-03,Mumbai,Clothing,1,262,262,5,13.1,248.9,Debit Card
191,CUST1022,2023-05-11,Bangalore,Sports,3,2887,8661,0,0.0,8661.0,Credit Card
192,CUST1009,2023-03-08,Chennai,Home,4,4562,18248,5,912.4,17335.6,Cash on Delivery
193,CUST1073,2023-07-23,Pune,Home,1,3773,3773,0,0.0,3773.0,Net Banking
194,CUST1002,2023-08-08,Pune,Sports,5,3513,17565,15,2634.75,14930.25,Debit Card
195,CUST1031,2023-06-16,Bangalore,Electronics,2,3969,7938,10,793.8,7144.2,Credit Card
196,CUST1095,2023-08-12,Bangalore,Home,5,3480,17400,20,3480.0,13920.0,Credit Card
197,CUST1067,2023-06-23,Chennai,Electronics,2,2928,5856,5,292.8,5563.2,Credit Card
198,CUST1018,2023-09-19,Mumbai,Electronics,2,3062,6124,10,612.4,5511.6,UPI
199,CUST1098,2023-05-12,Pune,Clothing,2,1621,3242,20,648.4,2593.6,UPI
200,CUST1082,2023-11-18,Bangalore,Beauty,4,4000,16000,20,3200.0,12800.0,Cash on Delivery
201,CUST1060,2023-11-22,Bangalore,Electronics,5,2847,14235,10,1423.5,12811.5,UPI
202,CUST1009,2023-08-15,Delhi,Beauty,3,2450,7350,20,1470.0,5880.0,Credit Card
203,CUST1009,2023-06-08,Delhi,Home,4,3902,15608,0,0.0,15608.0,Credit Card
204,CUST1094,2023-11-27,Chennai,Beauty,1,4353,4353,15,652.95,3700.05,Net Banking
205,CUST1064,2023-01-22,Chennai,Sports,4,4883,19532,5,976.6,18555.4,Debit Card
206,CUST1082,2023-03-19,Pune,Beauty,1,3890,3890,0,0.0,3890.0,Debit Card
207,CUST1078,2023-03-30,Chennai,Beauty,1,2229,2229,15,334.35,1894.65,Net Banking
208,CUST1086,2023-03-23,Bangalore,Home,3,3254,9762,10,976.2,8785.8,Net Banking
209,CUST1086,2023-11-03,Pune,Beauty,1,2941,2941,0,0.0,2941.0,Debit Card
210,CUST1074,2023-07-17,Delhi,Electronics,3,2264,6792,20,1358.4,5433.6,UPI
211,CUST1090,2023-12-06,Mumbai,Beauty,2,3065,6130,10,613.0,5517.0,Net Banking
212,CUST1011,2023-02-13,Mumbai,Beauty,3,4778,14334,15,2150.1,12183.9,Debit Card
213,CUST1023,2023-11-27,Delhi,Home,4,4365,17460,10,1746.0,15714.0,Credit Card
214,CUST1009,2023-04-20,Mumbai,Clothing,3,4183,12549,5,627.45,11921.55,UPI
215,CUST1098,2023-06-01,Pune,Home,1,4358,4358,20,871.6,3486.4,Cash on Delivery
216,CUST1021,2023-11-13,Mumbai,Beauty,2,3286,6572,5,328.6,6243.4,UPI
217,CUST1036,2023-08-13,Bangalore,Beauty,1,3565,3565,10,356.5,3208.5,UPI
218,CUST1047,2023-08-18,Bangalore,Clothing,2,4574,9148,5,457.4,8690.6,Debit Card
219,CUST1067,2023-12-14,Bangalore,Beauty,5,3809,19045,15,2856.75,16188.25,Debit Card
220,CUST1082,2023-08-03,Delhi,Electronics,2,1835,3670,20,734.0,2936.0,UPI
221,CUST1010,2023-09-04,Pune,Home,3,4742,14226,0,0.0,14226.0,Cash on Delivery
222,CUST1028,2023-03-24,Bangalore,Electronics,3,3880,11640,20,2328.0,9312.0,UPI
223,CUST1047,2023-08-19,Bangalore,Beauty,3,418,1254,15,188.1,1065.9,Credit Card
224,CUST1012,2023-05-01,Pune,Home,4,868,3472,10,347.2,3124.8,UPI
225,CUST1089,2024-01-01,Delhi,Sports,3,1396,4188,5,209.4,3978.6,Credit Card
226,CUST1032,2023-03-13,Pune,Electronics,4,3874,15496,20,3099.2,12396.8,Credit Card
227,CUST1099,2023-04-21,Bangalore,Electronics,2,4695,9390,20,1878.0,7512.0,Cash on Delivery
228,CUST1081,2023-05-28,Mumbai,Sports,2,2667,5334,0,0.0,5334.0,Credit Card
229,CUST1002,2023-11-15,Chennai,Beauty,4,714,2856,0,0.0,2856.0,Net Banking
230,CUST1000,2023-11-20,Delhi,Sports,5,4910,24550,5,1227.5,23322.5,UPI
231,CUST1067,2023-11-11,Mumbai,Electronics,3,2170,6510,20,1302.0,5208.0,Net Banking
232,CUST1002,2023-07-04,Chennai,Beauty,1,4509,4509,20,901.8,3607.2,Cash on Delivery
233,CUST1045,2023-07-19,Delhi,Electronics,4,556,2224,15,333.6,1890.4,Debit Card
234,CUST1005,2023-02-04,Delhi,Clothing,3,2175,6525,0,0.0,6525.0,Cash on Delivery
235,CUST1017,2023-06-30,Bangalore,Clothing,5,2973,14865,5,743.25,14121.75,Net Banking
236,CUST1005,2023-02-02,Pune,Clothing,4,502,2008,10,200.8,1807.2,UPI
237,CUST1004,2023-06-11,Bangalore,Home,3,4422,13266,15,1989.9,11276.1,Cash on Delivery
238,CUST1015,2023-11-28,Delhi,Home,2,2543,5086,10,508.6,4577.4,Credit Card
239,CUST1063,2023-07-08,Delhi,Clothing,4,3476,13904,15,2085.6,11818.4,Net Banking
240,CUST1010,2023-12-21,Pune,Sports,4,3209,12836,20,2567.2,10268.8,Debit Card
241,CUST1010,2023-08-09,Delhi,Electronics,5,1678,8390,20,1678.0,6712.0,Debit Card
242,CUST1088,2023-06-17,Bangalore,Clothing,3,2710,8130,15,1219.5,6910.5,Cash on Delivery
243,CUST1035,2023-08-16,Chennai,Sports,3,3862,11586,0,0.0,11586.0,Debit Card
244,CUST1003,2023-11-24,Chennai,Clothing,1,814,814,15,122.1,691.9,Debit Card
245,CUST1099,2023-03-15,Pune,Clothing,5,3789,18945,0,0.0,18945.0,UPI
246,CUST1019,2023-11-27,Pune,Beauty,3,3166,9498,15,1424.7,8073.3,Cash on Delivery
247,CUST1017,2023-12-14,Pune,Beauty,4,3238,12952,10,1295.2,11656.8,Net Banking
248,CUST1003,2023-09-29,Mumbai,Electronics,3,3460,10380,10,1038.0,9342.0,Debit Card
249,CUST1099,2023-04-06,Pune,Home,4,4441,17764,15,2664.6,15099.4,Cash on Delivery
250,CUST1015,2023-05-14,Bangalore,Clothing,4,1957,7828,20,1565.6,6262.4,Debit Card
251,CUST1085,2023-03-11,Pune,Home,1,3903,3903,5,195.15,3707.85,Net Banking
252,CUST1091,2023-06-27,Delhi,Clothing,1,4705,4705,20,941.0,3764.0,Debit Card
253,CUST1017,2023-12-30,Pune,Clothing,2,3161,6322,20,1264.4,5057.6,UPI
254,CUST1059,2023-05-02,Chennai,Home,4,415,1660,10,166.0,1494.0,Cash on Delivery
255,CUST1067,2023-10-10,Bangalore,Sports,2,906,1812,0,0.0,1812.0,Debit Card
256,CUST1057,2023-07-30,Delhi,Electronics,4,4909,19636,0,0.0,19636.0,UPI
257,CUST1098,2023-08-27,Chennai,Clothing,5,3022,15110,5,755.5,14354.5,Cash on Delivery
258,CUST1038,2023-03-08,Chennai,Clothing,4,4319,17276,0,0.0,17276.0,Credit Card
259,CUST1010,2023-03-26,Chennai,Home,2,2843,5686,5,284.3,5401.7,Debit Card
260,CUST1068,2023-05-09,Delhi,Beauty,2,4712,9424,10,942.4,8481.6,UPI
261,CUST1084,2023-02-17,Mumbai,Clothing,5,1581,7905,20,1581.0,6324.0,Cash on Delivery
262,CUST1005,2023-11-16,Pune,Electronics,5,2965,14825,20,2965.0,11860.0,Credit Card
263,CUST1081,2023-11-25,Bangalore,Beauty,5,2368,11840,5,592.0,11248.0,Cash on Delivery
264,CUST1087,2023-01-16,Bangalore,Clothing,4,4669,18676,10,1867.6,16808.4,Debit Card
265,CUST1053,2023-07-27,Mumbai,Sports,3,3915,11745,0,0.0,11745.0,Credit Card
266,CUST1091,2023-09-05,Mumbai,Home,4,1871,7484,10,748.4,6735.6,Cash on Delivery
267,CUST1013,2023-06-13,Chennai,Beauty,3,3466,10398,5,519.9,9878.1,Debit Card
268,CUST1018,2023-06-13,Bangalore,Clothing,2,4021,8042,0,0.0,8042.0,Debit Card
269,CUST1020,2023-02-19,Bangalore,Clothing,1,2577,2577,15,386.55,2190.45,Cash on Delivery
270,CUST1059,2023-06-17,Bangalore,Beauty,5,2761,13805,5,690.25,13114.75,UPI
271,CUST1058,2023-09-13,Bangalore,Beauty,3,4274,12822,0,0.0,12822.0,Credit Card
272,CUST1063,2023-05-04,Pune,Home,2,4978,9956,10,995.6,8960.4,Credit Card
273,CUST1017,2023-11-02,Pune,Sports,4,2540,10160,20,2032.0,8128.0,Credit Card
274,CUST1072,2023-05-16,Bangalore,Electronics,3,3503,10509,10,1050.9,9458.1,Credit Card
275,CUST1064,2023-10-15,Pune,Sports,2,3169,6338,20,1267.6,5070.4,Debit Card
276,CUST1012,2023-08-19,Pune,Clothing,5,2491,12455,20,2491.0,9964.0,Cash on Delivery
277,CUST1077,2023-07-21,Mumbai,Clothing,3,2977,8931,20,1786.2,7144.8,Debit Card
278,CUST1091,2023-09-18,Pune,Clothing,4,4296,17184,0,0.0,17184.0,Credit Card
279,CUST1017,2023-06-20,Chennai,Beauty,4,4454,17816,15,2672.4,15143.6,UPI
280,CUST1075,2023-06-17,Chennai,Home,5,2809,14045,5,702.25,13342.75,Net Banking
281,CUST1060,2023-06-22,Chennai,Home,5,4375,21875,20,4375.0,17500.0,Net Banking
282,CUST1092,2023-01-09,Chennai,Home,3,2913,8739,0,0.0,8739.0,Net Banking
283,CUST1092,2023-12-19,Chennai,Clothing,1,4087,4087,10,408.7,3678.3,Cash on Delivery
284,CUST1018,2023-01-27,Chennai,Sports,5,4135,20675,5,1033.75,19641.25,Cash on Delivery
285,CUST1056,2023-12-15,Mumbai,Electronics,2,458,916,20,183.2,732.8,Credit Card
286,CUST1099,2023-06-10,Bangalore,Beauty,4,1440,5760,15,864.0,4896.0,UPI
287,CUST1041,2023-11-10,Mumbai,Beauty,4,710,2840,5,142.0,2698.0,Cash on Delivery
288,CUST1068,2023-12-06,Mumbai,Sports,4,4504,18016,15,2702.4,15313.6,Debit Card
289,CUST1031,2023-06-25,Bangalore,Clothing,5,3102,15510,10,1551.0,13959.0,Cash on Delivery
290,CUST1088,2023-05-23,Delhi,Clothing,5,2645,13225,5,661.25,12563.75,Debit Card
291,CUST1036,2023-12-27,Chennai,Home,4,2797,11188,15,1678.2,9509.8,Debit Card
292,CUST1037,2023-03-04,Delhi,Clothing,5,4649,23245,15,3486.75,19758.25,Net Banking
293,CUST1027,2023-01-22,Delhi,Sports,3,847,2541,10,254.1,2286.9,Net Banking
294,CUST1078,2023-04-14,Mumbai,Electronics,5,2421,12105,20,2421.0,9684.0,Debit Card
295,CUST1006,2023-10-28,Mumbai,Clothing,2,2186,4372,0,0.0,4372.0,Cash on Delivery
296,CUST1070,2023-02-21,Mumbai,Electronics,4,2905,11620,15,1743.0,9877.0,Credit Card
297,CUST1036,2023-03-22,Delhi,Home,4,4096,16384,15,2457.6,13926.4,UPI
298,CUST1022,2023-11-27,Chennai,Electronics,1,932,932,20,186.4,745.6,UPI
299,CUST1004,2023-08-02,Mumbai,Home,2,497,994,15,149.1,844.9,Net Banking
300,CUST1058,2023-01-05,Delhi,Home,3,4852,14556,20,2911.2,11644.8,Credit Card
301,CUST1034,2023-11-25,Chennai,Sports,5,4495,22475,15,3371.25,19103.75,UPI
302,CUST1001,2023-04-09,Delhi,Clothing,1,2908,2908,5,145.4,2762.6,Net Banking
303,CUST1054,2023-06-22,Chennai,Sports,3,4851,14553,5,727.65,13825.35,UPI
304,CUST1061,2023-09-21,Mumbai,Clothing,3,910,2730,15,409.5,2320.5,Credit Card
305,CUST1096,2023-06-15,Mumbai,Sports,2,255,510,10,51.0,459.0,Net Banking
306,CUST1083,2023-05-17,Pune,Home,3,2673,8019,20,1603.8,6415.2,Cash on Delivery
307,CUST1051,2023-07-04,Delhi,Clothing,2,708,1416,0,0.0,1416.0,Net Banking
308,CUST1028,2023-12-18,Delhi,Beauty,5,2747,13735,0,0.0,13735.0,Debit Card
309,CUST1053,2023-04-23,Chennai,Home,2,4117,8234,5,411.7,7822.3,Net Banking
310,CUST1100,2023-12-26,Mumbai,Beauty,5,4057,20285,20,4057.0,16228.0,UPI
311,CUST1014,2023-02-11,Pune,Beauty,5,3859,19295,20,3859.0,15436.0,Debit Card
312,CUST1021,2023-02-01,Chennai,Clothing,5,4340,21700,5,1085.0,20615.0,Cash on Delivery
313,CUST1011,2023-06-17,Chennai,Sports,5,3819,19095,0,0.0,19095.0,UPI
314,CUST1058,2023-09-19,Chennai,Sports,4,655,2620,15,393.0,2227.0,UPI
315,CUST1032,2023-10-16,Pune,Sports,1,4777,4777,15,716.55,4060.45,Debit Card
316,CUST1089,2023-01-02,Bangalore,Home,2,4937,9874,0,0.0,9874.0,Credit Card
317,CUST1052,2023-02-02,Pune,Home,5,693,3465,0,0.0,3465.0,Net Banking
318,CUST1048,2023-04-03,Bangalore,Sports,2,3643,7286,10,728.6,6557.4,Net Banking
319,CUST1050,2023-02-11,Mumbai,Beauty,5,1289,6445,10,644.5,5800.5,Credit Card
320,CUST1086,2023-09-28,Delhi,Sports,2,2024,4048,0,0.0,4048.0,Credit Card
321,CUST1044,2023-10-06,Mumbai,Sports,4,4557,18228,15,2734.2,15493.8,UPI
322,CUST1098,2023-03-21,Bangalore,Beauty,3,1744,5232,0,0.0,5232.0,Credit Card
323,CUST1057,2023-01-09,Chennai,Electronics,2,1888,3776,0,0.0,3776.0,Credit Card
324,CUST1069,2023-11-03,Bangalore,Clothing,1,2204,2204,0,0.0,2204.0,Net Banking
325,CUST1040,2023-04-22,Mumbai,Beauty,1,1347,1347,20,269.4,1077.6,Debit Card
326,CUST1028,2023-10-23,Mumbai,Beauty,5,2826,14130,5,706.5,13423.5,Debit Card
327,CUST1080,2023-07-31,Chennai,Clothing,3,2454,7362,0,0.0,7362.0,Cash on Delivery
328,CUST1100,2023-12-14,Delhi,Sports,4,4753,19012,15,2851.8,16160.2,Credit Card
329,CUST1023,2023-09-26,Delhi,Sports,3,3610,10830,15,1624.5,9205.5,UPI
330,CUST1007,2023-10-03,Mumbai,Sports,4,2174,8696,5,434.8,8261.2,Debit Card
331,CUST1031,2023-10-15,Mumbai,Sports,4,3612,14448,20,2889.6,11558.4,Cash on Delivery
332,CUST1068,2023-05-11,Delhi,Electronics,2,2905,5810,0,0.0,5810.0,Net Banking
333,CUST1009,2023-04-08,Chennai,Electronics,1,2399,2399,15,359.85,2039.15,Cash on Delivery
334,CUST1038,2023-04-07,Mumbai,Home,5,4778,23890,5,1194.5,22695.5,Net Banking
335,CUST1090,2023-01-08,Mumbai,Beauty,2,1756,3512,0,0.0,3512.0,Net Banking
336,CUST1059,2023-04-15,Delhi,Sports,4,2160,8640,20,1728.0,6912.0,Debit Card
337,CUST1059,2023-10-01,Chennai,Sports,3,2726,8178,10,817.8,7360.2,Debit Card
338,CUST1005,2023-02-20,Delhi,Sports,4,2823,11292,5,564.6,10727.4,Debit Card
339,CUST1074,2023-10-16,Chennai,Beauty,2,1395,2790,0,0.0,2790.0,Debit Card
340,CUST1072,2023-08-02,Mumbai,Sports,3,1448,4344,5,217.2,4126.8,Debit Card
341,CUST1058,2023-05-06,Bangalore,Sports,4,4710,18840,10,1884.0,16956.0,Debit Card
342,CUST1069,2023-03-28,Bangalore,Clothing,3,1586,4758,5,237.9,4520.1,Cash on Delivery
343,CUST1052,2023-11-25,Pune,Electronics,1,4492,4492,0,0.0,4492.0,Credit Card
344,CUST1058,2023-03-12,Mumbai,Beauty,2,756,1512,5,75.6,1436.4,Credit Card
345,CUST1070,2023-07-11,Pune,Beauty,1,4158,4158,15,623.7,3534.3,Credit Card
346,CUST1002,2023-07-30,Chennai,Home,1,337,337,20,67.4,269.6,Debit Card
347,CUST1030,2023-09-15,Chennai,Clothing,4,1668,6672,0,0.0,6672.0,Credit Card
348,CUST1010,2023-04-09,Delhi,Sports,5,4512,22560,10,2256.0,20304.0,Debit Card
349,CUST1087,2023-07-11,Mumbai,Home,4,3960,15840,20,3168.0,12672.0,UPI
350,CUST1060,2023-02-11,Bangalore,Beauty,1,965,965,15,144.75,820.25,Net Banking
351,CUST1072,2023-01-29,Bangalore,Home,1,1603,1603,0,0.0,1603.0,Net Banking
352,CUST1034,2023-02-18,Chennai,Sports,5,548,2740,5,137.0,2603.0,UPI
353,CUST1040,2023-01-24,Pune,Clothing,1,2496,2496,20,499.2,1996.8,Cash on Delivery
354,CUST1072,2023-01-09,Delhi,Clothing,2,1381,2762,15,414.3,2347.7,Credit Card
355,CUST1088,2023-05-04,Bangalore,Clothing,5,3387,16935,20,3387.0,13548.0,Debit Card
356,CUST1009,2023-02-10,Bangalore,Clothing,5,3033,15165,0,0.0,15165.0,Credit Card
357,CUST1062,2023-06-24,Delhi,Sports,5,3449,17245,10,1724.5,15520.5,Credit Card
358,CUST1084,2023-04-27,Mumbai,Beauty,3,4730,14190,15,2128.5,12061.5,Net Banking
359,CUST1019,2023-07-14,Pune,Home,1,2619,2619,5,130.95,2488.05,Credit Card
360,CUST1000,2023-07-14,Pune,Electronics,2,3391,6782,10,678.2,6103.8,Debit Card
361,CUST1023,2023-06-07,Mumbai,Electronics,4,3148,12592,10,1259.2,11332.8,Credit Card
362,CUST1003,2023-08-09,Bangalore,Electronics,4,4762,19048,20,3809.6,15238.4,Cash on Delivery
363,CUST1049,2023-02-15,Chennai,Home,3,4740,14220,0,0.0,14220.0,Cash on Delivery
364,CUST1073,2023-01-07,Chennai,Clothing,3,3589,10767,15,1615.05,9151.95,Credit Card
365,CUST1034,2023-09-24,Delhi,Home,2,3318,6636,5,331.8,6304.2,UPI
366,CUST1038,2023-09-10,Delhi,Sports,2,718,1436,5,71.8,1364.2,Net Banking
367,CUST1078,2023-09-05,Bangalore,Beauty,1,3158,3158,10,315.8,2842.2,UPI
368,CUST1042,2023-04-11,Pune,Sports,4,1076,4304,5,215.2,4088.8,Debit Card
369,CUST1017,2023-11-14,Bangalore,Beauty,4,2899,11596,15,1739.4,9856.6,Debit Card
370,CUST1040,2023-06-03,Mumbai,Sports,3,1845,5535,15,830.25,4704.75,Debit Card
371,CUST1100,2023-05-30,Bangalore,Home,4,4917,19668,5,983.4,18684.6,Debit Card
372,CUST1023,2023-07-21,Chennai,Beauty,3,1132,3396,20,679.2,2716.8,UPI
373,CUST1088,2023-12-16,Bangalore,Home,5,420,2100,15,315.0,1785.0,UPI
374,CUST1084,2023-02-05,Mumbai,Home,4,4290,17160,5,858.0,16302.0,Debit Card
375,CUST1074,2023-03-20,Chennai,Sports,4,3288,13152,0,0.0,13152.0,Net Banking
376,CUST1089,2023-07-25,Pune,Home,5,4350,21750,15,3262.5,18487.5,Cash on Delivery
377,CUST1082,2023-10-02,Delhi,Clothing,5,896,4480,0,0.0,4480.0,UPI
378,CUST1001,2023-11-10,Bangalore,Electronics,1,4813,4813,15,721.95,4091.05,Debit Card
379,CUST1088,2023-02-20,Chennai,Beauty,3,2018,6054,20,1210.8,4843.2,Cash on Delivery
380,CUST1088,2023-10-22,Bangalore,Beauty,2,3851,7702,10,770.2,6931.8,Net Banking
381,CUST1053,2023-09-14,Pune,Home,2,3025,6050,0,0.0,6050.0,Net Banking
382,CUST1100,2023-02-13,Delhi,Sports,1,1360,1360,10,136.0,1224.0,Debit Card
383,CUST1092,2023-04-16,Pune,Sports,5,4156,20780,10,2078.0,18702.0,Net Banking
384,CUST1002,2023-12-23,Pune,Electronics,4,2812,11248,0,0.0,11248.0,Debit Card
385,CUST1020,2023-06-25,Mumbai,Beauty,1,1546,1546,5,77.3,1468.7,Cash on Delivery
386,CUST1023,2023-06-19,Bangalore,Clothing,5,3692,18460,15,2769.0,15691.0,UPI
387,CUST1075,2023-11-24,Mumbai,Sports,4,3440,13760,0,0.0,13760.0,Cash on Delivery
388,CUST1073,2023-08-08,Delhi,Electronics,4,236,944,5,47.2,896.8,UPI
389,CUST1014,2023-02-22,Mumbai,Sports,5,1731,8655,10,865.5,7789.5,Debit Card
390,CUST1050,2023-05-15,Bangalore,Beauty,4,4523,18092,10,1809.2,16282.8,Cash on Delivery
391,CUST1086,2023-10-28,Chennai,Clothing,1,3050,3050,10,305.0,2745.0,Net Banking
392,CUST1039,2023-12-28,Pune,Clothing,3,894,2682,5,134.1,2547.9,Debit Card
393,CUST1076,2023-03-01,Bangalore,Sports,2,3258,6516,5,325.8,6190.2,Cash on Delivery
394,CUST1088,2023-03-12,Bangalore,Beauty,5,3343,16715,15,2507.25,14207.75,UPI
395,CUST1023,2023-11-27,Delhi,Clothing,2,4745,9490,5,474.5,9015.5,Net Banking
396,CUST1024,2023-06-11,Bangalore,Clothing,4,639,2556,10,255.6,2300.4,Credit Card
397,CUST1090,2023-07-16,Bangalore,Sports,5,4340,21700,15,3255.0,18445.0,Net Banking
398,CUST1037,2023-08-16,Pune,Clothing,4,1570,6280,0,0.0,6280.0,Cash on Delivery
399,CUST1072,2023-01-17,Mumbai,Sports,3,2041,6123,20,1224.6,4898.4,Debit Card
400,CUST1099,2023-09-11,Pune,Home,5,4384,21920,0,0.0,21920.0,Cash on Delivery
401,CUST1054,2023-10-06,Chennai,Clothing,3,4640,13920,0,0.0,13920.0,Net Banking
402,CUST1011,2023-02-22,Delhi,Home,2,2638,5276,0,0.0,5276.0,Net Banking
403,CUST1080,2023-08-13,Delhi,Beauty,1,2141,2141,5,107.05,2033.95,Cash on Delivery
404,CUST1044,2023-08-08,Pune,Beauty,2,1340,2680,5,134.0,2546.0,UPI
405,CUST1073,2023-09-30,Delhi,Home,3,4613,13839,5,691.95,13147.05,Debit Card
406,CUST1083,2023-05-17,Pune,Home,5,980,4900,5,245.0,4655.0,Net Banking
407,CUST1062,2023-03-06,Mumbai,Sports,2,2245,4490,5,224.5,4265.5,Debit Card
408,CUST1081,2023-03-14,Bangalore,Electronics,5,2401,12005,15,1800.75,10204.25,Net Banking
409,CUST1041,2023-02-17,Bangalore,Sports,4,4423,17692,10,1769.2,15922.8,Debit Card
410,CUST1050,2023-10-25,Pune,Beauty,1,963,963,15,144.45,818.55,Debit Card
411,CUST1043,2023-04-22,Delhi,Home,4,1935,7740,15,1161.0,6579.0,Debit Card
412,CUST1005,2023-10-08,Delhi,Electronics,5,1269,6345,20,1269.0,5076.0,Net Banking
413,CUST1000,2023-02-20,Bangalore,Sports,4,333,1332,0,0.0,1332.0,UPI
414,CUST1083,2023-08-08,Delhi,Electronics,2,1280,2560,10,256.0,2304.0,UPI
415,CUST1080,2023-07-04,Pune,Sports,3,875,2625,10,262.5,2362.5,UPI
416,CUST1061,2023-06-06,Pune,Clothing,2,3716,7432,0,0.0,7432.0,Credit Card
417,CUST1089,2023-02-09,Pune,Electronics,2,2052,4104,20,820.8,3283.2,Net Banking
418,CUST1049,2023-06-25,Pune,Clothing,1,3659,3659,5,182.95,3476.05,Net Banking
419,CUST1048,2023-02-15,Delhi,Clothing,1,1045,1045,10,104.5,940.5,Debit Card
420,CUST1083,2023-03-10,Pune,Beauty,2,760,1520,20,304.0,1216.0,Cash on Delivery
421,CUST1087,2023-03-26,Bangalore,Beauty,4,3076,12304,5,615.2,11688.8,UPI
422,CUST1093,2023-08-15,Pune,Beauty,2,910,1820,0,0.0,1820.0,UPI
423,CUST1082,2023-07-16,Mumbai,Home,3,3717,11151,10,1115.1,10035.9,UPI
424,CUST1099,2023-02-13,Chennai,Home,2,4733,9466,20,1893.2,7572.8,Cash on Delivery
425,CUST1024,2023-12-20,Chennai,Beauty,1,2671,2671,5,133.55,2537.45,Cash on Delivery
426,CUST1030,2023-07-20,Bangalore,Electronics,3,647,1941,5,97.05,1843.95,Net Banking
427,CUST1016,2023-09-13,Delhi,Home,5,781,3905,20,781.0,3124.0,Credit Card
428,CUST1098,2023-07-18,Mumbai,Sports,5,3647,18235,10,1823.5,16411.5,Cash on Delivery
429,CUST1007,2023-02-07,Mumbai,Electronics,1,753,753,0,0.0,753.0,Debit Card
430,CUST1010,2023-07-23,Bangalore,Sports,5,2546,12730,20,2546.0,10184.0,Net Banking
431,CUST1039,2023-11-24,Delhi,Electronics,5,4604,23020,20,4604.0,18416.0,UPI
432,CUST1075,2023-02-10,Delhi,Sports,5,1864,9320,5,466.0,8854.0,Cash on Delivery
433,CUST1011,2023-11-21,Pune,Clothing,1,2740,2740,15,411.0,2329.0,UPI
434,CUST1085,2023-08-11,Pune,Home,1,3914,3914,20,782.8,3131.2,Cash on Delivery
435,CUST1063,2023-12-03,Pune,Clothing,2,1178,2356,0,0.0,2356.0,UPI
436,CUST1095,2023-06-27,Delhi,Clothing,5,4437,22185,10,2218.5,19966.5,UPI
437,CUST1008,2023-05-18,Delhi,Beauty,1,440,440,10,44.0,396.0,Net Banking
438,CUST1007,2023-05-15,Chennai,Home,5,831,4155,15,623.25,3531.75,Net Banking
439,CUST1073,2023-09-13,Delhi,Electronics,5,1567,7835,10,783.5,7051.5,UPI
440,CUST1031,2023-12-12,Pune,Electronics,1,2071,2071,20,414.2,1656.8,Credit Card
441,CUST1070,2023-01-24,Mumbai,Electronics,4,3181,12724,15,1908.6,10815.4,UPI
442,CUST1034,2024-01-01,Bangalore,Home,4,2039,8156,10,815.6,7340.4,UPI
443,CUST1028,2023-02-09,Pune,Clothing,5,3254,16270,0,0.0,16270.0,Cash on Delivery
444,CUST1041,2023-09-22,Delhi,Home,1,3484,3484,0,0.0,3484.0,Net Banking
445,CUST1072,2023-02-14,Mumbai,Home,5,3941,19705,0,0.0,19705.0,Debit Card
446,CUST1098,2023-06-05,Chennai,Sports,5,2187,10935,15,1640.25,9294.75,Debit Card
447,CUST1029,2023-04-11,Bangalore,Electronics,5,2208,11040,5,552.0,10488.0,Credit Card
448,CUST1013,2023-10-05,Bangalore,Home,3,278,834,10,83.4,750.6,Credit Card
449,CUST1091,2023-04-16,Pune,Clothing,5,2151,10755,15,1613.25,9141.75,Net Banking
450,CUST1058,2023-05-24,Bangalore,Home,1,559,559,5,27.95,531.05,Cash on Delivery
451,CUST1075,2023-02-13,Bangalore,Electronics,5,982,4910,20,982.0,3928.0,UPI
452,CUST1040,2023-10-18,Delhi,Home,1,3763,3763,5,188.15,3574.85,UPI
453,CUST1025,2023-07-21,Mumbai,Electronics,3,2805,8415,15,1262.25,7152.75,Debit Card
454,CUST1059,2023-03-11,Mumbai,Sports,5,1092,5460,5,273.0,5187.0,Credit Card
455,CUST1039,2023-06-10,Mumbai,Sports,4,1189,4756,20,951.2,3804.8,Debit Card
456,CUST1005,2023-08-26,Delhi,Beauty,3,1182,3546,0,0.0,3546.0,UPI
457,CUST1065,2023-04-21,Delhi,Sports,3,1415,4245,0,0.0,4245.0,UPI
458,CUST1071,2023-01-26,Bangalore,Sports,3,2331,6993,5,349.65,6643.35,Credit Card
459,CUST1001,2023-10-09,Mumbai,Electronics,2,975,1950,15,292.5,1657.5,Credit Card
460,CUST1074,2023-02-01,Delhi,Electronics,2,1270,2540,5,127.0,2413.0,Net Banking
461,CUST1016,2023-10-28,Mumbai,Sports,3,814,2442,0,0.0,2442.0,Credit Card
462,CUST1073,2023-02-17,Pune,Clothing,3,1203,3609,0,0.0,3609.0,Net Banking
463,CUST1045,2023-08-10,Bangalore,Clothing,4,4264,17056,0,0.0,17056.0,Net Banking
464,CUST1078,2023-04-20,Mumbai,Electronics,2,2452,4904,10,490.4,4413.6,Net Banking
465,CUST1061,2023-11-14,Bangalore,Beauty,5,2213,11065,10,1106.5,9958.5,Net Banking
466,CUST1082,2023-02-01,Bangalore,Clothing,1,2491,2491,15,373.65,2117.35,UPI
467,CUST1069,2023-09-27,Delhi,Sports,2,4653,9306,0,0.0,9306.0,Net Banking
468,CUST1023,2023-09-06,Bangalore,Home,3,4833,14499,20,2899.8,11599.2,Debit Card
469,CUST1067,2023-01-14,Pune,Sports,3,1994,5982,0,0.0,5982.0,Debit Card
470,CUST1034,2023-07-03,Mumbai,Clothing,5,2106,10530,5,526.5,10003.5,Credit Card
471,CUST1022,2023-10-01,Delhi,Clothing,1,1997,1997,20,399.4,1597.6,Net Banking
472,CUST1072,2023-05-02,Pune,Home,5,2805,14025,10,1402.5,12622.5,Cash on Delivery
473,CUST1022,2023-10-16,Chennai,Home,2,4812,9624,5,481.2,9142.8,Net Banking
474,CUST1002,2023-09-09,Chennai,Clothing,1,939,939,0,0.0,939.0,UPI
475,CUST1043,2023-09-27,Mumbai,Clothing,4,205,820,10,82.0,738.0,Cash on Delivery
476,CUST1099,2023-04-01,Chennai,Clothing,3,687,2061,0,0.0,2061.0,UPI
477,CUST1012,2023-02-26,Bangalore,Beauty,5,3189,15945,0,0.0,15945.0,Debit Card
478,CUST1083,2023-06-22,Bangalore,Sports,3,2842,8526,5,426.3,8099.7,UPI
479,CUST1022,2023-06-12,Mumbai,Beauty,2,4803,9606,20,1921.2,7684.8,Debit Card
480,CUST1050,2023-07-13,Pune,Beauty,3,2612,7836,5,391.8,7444.2,UPI
481,CUST1081,2023-10-18,Chennai,Clothing,1,1691,1691,20,338.2,1352.8,Debit Card
482,CUST1044,2023-10-17,Pune,Clothing,1,4264,4264,5,213.2,4050.8,Debit Card
483,CUST1026,2023-06-13,Pune,Home,2,926,1852,10,185.2,1666.8,Net Banking
484,CUST1049,2023-05-08,Pune,Electronics,1,3071,3071,10,307.1,2763.9,Credit Card
485,CUST1069,2023-08-13,Bangalore,Home,4,1562,6248,15,937.2,5310.8,Net Banking
486,CUST1009,2023-07-12,Mumbai,Sports,1,4127,4127,20,825.4,3301.6,UPI
487,CUST1043,2023-01-18,Pune,Electronics,3,364,1092,10,109.2,982.8,Debit Card
488,CUST1076,2023-03-29,Pune,Home,4,1518,6072,0,0.0,6072.0,Cash on Delivery
489,CUST1020,2023-11-11,Chennai,Sports,4,453,1812,15,271.8,1540.2,UPI
490,CUST1092,2023-01-28,Bangalore,Beauty,1,2912,2912,5,145.6,2766.4,UPI
491,CUST1050,2023-10-04,Pune,Electronics,3,2506,7518,10,751.8,6766.2,UPI
492,CUST1054,2023-10-20,Delhi,Electronics,5,4221,21105,5,1055.25,20049.75,Credit Card
493,CUST1021,2023-02-14,Pune,Clothing,3,4134,12402,5,620.1,11781.9,Credit Card
494,CUST1060,2023-11-23,Delhi,Sports,3,871,2613,15,391.95,2221.05,Credit Card
495,CUST1048,2023-09-08,Mumbai,Home,3,946,2838,20,567.6,2270.4,Net Banking
496,CUST1033,2023-07-09,Bangalore,Sports,2,3851,7702,0,0.0,7702.0,Debit Card
497,CUST1085,2023-04-26,Pune,Electronics,3,4822,14466,0,0.0,14466.0,UPI
498,CUST1049,2023-06-26,Chennai,Electronics,5,3591,17955,20,3591.0,14364.0,UPI
499,CUST1038,2023-09-25,Mumbai,Sports,4,4586,18344,15,2751.6,15592.4,Cash on Delivery
500,CUST1086,2023-02-10,Chennai,Beauty,4,484,1936,20,387.2,1548.8,Cash on Delivery
501,CUST1024,2023-11-14,Mumbai,Clothing,2,1185,2370,15,355.5,2014.5,UPI
502,CUST1076,2023-03-06,Mumbai,Clothing,1,3668,3668,0,0.0,3668.0,Net Banking
503,CUST1070,2023-05-13,Chennai,Sports,3,748,2244,0,0.0,2244.0,Net Banking
504,CUST1066,2023-06-16,Chennai,Beauty,3,4457,13371,15,2005.65,11365.35,Credit Card
505,CUST1074,2023-08-03,Chennai,Beauty,1,3595,3595,5,179.75,3415.25,UPI
506,CUST1052,2023-02-21,Chennai,Home,1,4809,4809,0,0.0,4809.0,Debit Card
507,CUST1022,2023-05-16,Bangalore,Electronics,4,4177,16708,20,3341.6,13366.4,Cash on Delivery
508,CUST1050,2023-05-22,Bangalore,Electronics,4,1378,5512,20,1102.4,4409.6,Cash on Delivery
509,CUST1043,2023-06-19,Delhi,Electronics,2,603,1206,15,180.9,1025.1,Debit Card
510,CUST1038,2023-06-05,Mumbai,Clothing,3,2496,7488,15,1123.2,6364.8,Credit Card
511,CUST1056,2023-08-15,Pune,Clothing,3,2407,7221,15,1083.15,6137.85,Cash on Delivery
512,CUST1020,2023-04-19,Pune,Beauty,4,4168,16672,20,3334.4,13337.6,Debit Card
513,CUST1003,2023-02-03,Chennai,Beauty,3,4351,13053,15,1957.95,11095.05,UPI
514,CUST1006,2023-03-30,Pune,Sports,2,1844,3688,0,0.0,3688.0,UPI
515,CUST1081,2023-07-04,Chennai,Sports,2,2444,4888,10,488.8,4399.2,Net Banking
516,CUST1022,2023-03-05,Chennai,Sports,1,2181,2181,10,218.1,1962.9,Net Banking
517,CUST1095,2023-08-31,Mumbai,Home,5,4716,23580,10,2358.0,21222.0,Debit Card
518,CUST1073,2023-12-19,Pune,Clothing,1,2535,2535,0,0.0,2535.0,Net Banking
519,CUST1002,2023-04-20,Bangalore,Beauty,2,2044,4088,5,204.4,3883.6,Debit Card
520,CUST1028,2023-12-16,Chennai,Electronics,1,4083,4083,5,204.15,3878.85,UPI
521,CUST1058,2023-05-10,Bangalore,Home,5,2702,13510,10,1351.0,12159.0,Net Banking
522,CUST1074,2023-05-10,Chennai,Sports,2,4023,8046,10,804.6,7241.4,Cash on Delivery
523,CUST1036,2023-02-22,Chennai,Beauty,1,4390,4390,10,439.0,3951.0,Cash on Delivery
524,CUST1035,2023-06-02,Delhi,Home,1,4146,4146,0,0.0,4146.0,Debit Card
525,CUST1076,2023-05-14,Mumbai,Electronics,3,1743,5229,5,261.45,4967.55,Cash on Delivery
526,CUST1053,2023-07-26,Delhi,Home,3,1346,4038,0,0.0,4038.0,Net Banking
527,CUST1092,2023-07-27,Mumbai,Home,4,489,1956,20,391.2,1564.8,Cash on Delivery
528,CUST1021,2024-01-01,Chennai,Home,2,4579,9158,15,1373.7,7784.3,Debit Card
529,CUST1094,2023-12-03,Bangalore,Clothing,5,1683,8415,10,841.5,7573.5,Credit Card
530,CUST1028,2023-05-13,Mumbai,Home,5,1699,8495,10,849.5,7645.5,Credit Card
531,CUST1059,2023-06-07,Chennai,Home,4,2914,11656,10,1165.6,10490.4,Debit Card
532,CUST1060,2023-03-02,Chennai,Electronics,4,639,2556,20,511.2,2044.8,Cash on Delivery
533,CUST1006,2023-04-10,Delhi,Sports,5,1181,5905,15,885.75,5019.25,Cash on Delivery
534,CUST1018,2023-03-19,Chennai,Sports,2,1840,3680,10,368.0,3312.0,Net Banking
535,CUST1081,2023-06-11,Mumbai,Home,2,862,1724,15,258.6,1465.4,Debit Card
536,CUST1097,2023-01-30,Mumbai,Beauty,1,3903,3903,10,390.3,3512.7,UPI
537,CUST1051,2023-03-23,Bangalore,Sports,4,921,3684,5,184.2,3499.8,Cash on Delivery
538,CUST1093,2023-08-08,Chennai,Clothing,4,3340,13360,0,0.0,13360.0,Credit Card
539,CUST1080,2023-07-11,Pune,Electronics,1,2839,2839,20,567.8,2271.2,UPI
540,CUST1064,2023-05-08,Pune,Sports,2,3020,6040,10,604.0,5436.0,UPI
541,CUST1058,2023-10-29,Delhi,Home,3,1568,4704,0,0.0,4704.0,Credit Card
542,CUST1062,2023-09-24,Mumbai,Home,5,4493,22465,10,2246.5,20218.5,Net Banking
543,CUST1093,2023-07-03,Mumbai,Clothing,2,1550,3100,15,465.0,2635.0,Credit Card
544,CUST1046,2023-03-09,Mumbai,Electronics,2,379,758,20,151.6,606.4,Cash on Delivery
545,CUST1076,2023-12-31,Chennai,Electronics,1,3273,3273,10,327.3,2945.7,Cash on Delivery
546,CUST1048,2023-01-25,Bangalore,Sports,1,361,361,0,0.0,361.0,Credit Card
547,CUST1038,2023-03-05,Mumbai,Electronics,5,2270,11350,15,1702.5,9647.5,UPI
548,CUST1053,2023-08-04,Chennai,Clothing,1,4462,4462,10,446.2,4015.8,Cash on Delivery
549,CUST1025,2023-02-23,Pune,Sports,5,1164,5820,10,582.0,5238.0,Credit Card
550,CUST1037,2023-11-08,Delhi,Sports,2,2354,4708,20,941.6,3766.4,UPI
551,CUST1030,2023-03-24,Bangalore,Home,1,4690,4690,15,703.5,3986.5,UPI
552,CUST1011,2023-01-02,Bangalore,Clothing,1,929,929,0,0.0,929.0,Cash on Delivery
553,CUST1033,2023-09-19,Bangalore,Home,1,1029,1029,10,102.9,926.1,UPI
554,CUST1086,2023-08-26,Delhi,Home,1,1017,1017,5,50.85,966.15,Credit Card
555,CUST1084,2023-06-10,Pune,Clothing,4,1149,4596,0,0.0,4596.0,Credit Card
556,CUST1093,2023-11-28,Chennai,Home,2,2892,5784,10,578.4,5205.6,Net Banking
557,CUST1058,2023-02-17,Bangalore,Sports,3,3007,9021,5,451.05,8569.95,Credit Card
558,CUST1089,2023-05-20,Pune,Clothing,4,4117,16468,15,2470.2,13997.8,UPI
559,CUST1086,2023-01-31,Bangalore,Beauty,2,1049,2098,15,314.7,1783.3,Cash on Delivery
560,CUST1061,2023-08-13,Pune,Clothing,2,3310,6620,10,662.0,5958.0,Cash on Delivery
561,CUST1083,2023-09-07,Pune,Home,1,3569,3569,15,535.35,3033.65,Credit Card
562,CUST1066,2023-06-10,Mumbai,Home,1,4499,4499,20,899.8,3599.2,Cash on Delivery
563,CUST1084,2023-09-25,Bangalore,Home,5,980,4900,15,735.0,4165.0,UPI
564,CUST1082,2023-12-13,Pune,Electronics,4,1417,5668,20,1133.6,4534.4,Cash on Delivery
565,CUST1041,2023-03-22,Pune,Sports,5,4044,20220,15,3033.0,17187.0,UPI
566,CUST1082,2023-05-04,Mumbai,Beauty,3,2478,7434,0,0.0,7434.0,Cash on Delivery
567,CUST1057,2023-07-13,Bangalore,Beauty,4,2125,8500,0,0.0,8500.0,Net Banking
568,CUST1013,2023-02-15,Bangalore,Electronics,4,3862,15448,10,1544.8,13903.2,Credit Card
569,CUST1077,2023-07-26,Pune,Electronics,4,493,1972,20,394.4,1577.6,Cash on Delivery
570,CUST1046,2023-11-13,Bangalore,Home,3,4364,13092,20,2618.4,10473.6,UPI
571,CUST1060,2023-01-28,Chennai,Beauty,2,3922,7844,10,784.4,7059.6,Cash on Delivery
572,CUST1043,2023-12-03,Mumbai,Electronics,3,3907,11721,0,0.0,11721.0,Credit Card
573,CUST1021,2023-07-01,Pune,Electronics,3,4686,14058,20,2811.6,11246.4,Debit Card
574,CUST1024,2023-09-10,Chennai,Clothing,2,3552,7104,0,0.0,7104.0,Debit Card
575,CUST1096,2023-03-03,Delhi,Electronics,4,1966,7864,15,1179.6,6684.4,UPI
576,CUST1017,2023-08-01,Chennai,Beauty,1,1209,1209,15,181.35,1027.65,Net Banking
577,CUST1061,2023-09-13,Bangalore,Beauty,1,4544,4544,0,0.0,4544.0,Cash on Delivery
578,CUST1084,2023-09-18,Pune,Sports,2,4939,9878,5,493.9,9384.1,UPI
579,CUST1088,2023-11-04,Bangalore,Beauty,5,2836,14180,20,2836.0,11344.0,Net Banking
580,CUST1017,2023-05-08,Bangalore,Clothing,3,3459,10377,10,1037.7,9339.3,Debit Card
581,CUST1080,2023-07-31,Delhi,Beauty,5,4396,21980,10,2198.0,19782.0,Cash on Delivery
582,CUST1090,2023-04-22,Delhi,Clothing,2,1917,3834,20,766.8,3067.2,Debit Card
583,CUST1071,2023-11-29,Pune,Home,2,4327,8654,20,1730.8,6923.2,Debit Card
584,CUST1001,2023-09-03,Delhi,Sports,5,4874,24370,15,3655.5,20714.5,Cash on Delivery
585,CUST1025,2023-09-25,Pune,Electronics,1,407,407,15,61.05,345.95,UPI
586,CUST1026,2023-05-17,Pune,Home,2,2547,5094,10,509.4,4584.6,UPI
587,CUST1028,2023-10-05,Chennai,Beauty,1,3138,3138,15,470.7,2667.3,Credit Card
588,CUST1048,2023-11-28,Delhi,Electronics,5,3385,16925,5,846.25,16078.75,Cash on Delivery
589,CUST1025,2023-07-18,Pune,Home,4,2761,11044,20,2208.8,8835.2,Credit Card
590,CUST1025,2023-11-14,Chennai,Beauty,4,2047,8188,10,818.8,7369.2,Cash on Delivery
591,CUST1094,2023-04-10,Mumbai,Clothing,3,3876,11628,5,581.4,11046.6,Credit Card
592,CUST1033,2023-09-21,Delhi,Beauty,1,3290,3290,0,0.0,3290.0,Net Banking
593,CUST1090,2023-03-08,Delhi,Sports,2,4984,9968,10,996.8,8971.2,Credit Card
594,CUST1084,2023-03-21,Pune,Beauty,1,1459,1459,10,145.9,1313.1,Cash on Delivery
595,CUST1067,2023-06-04,Pune,Home,4,4891,19564,20,3912.8,15651.2,Debit Card
596,CUST1069,2023-04-23,Mumbai,Sports,2,4464,8928,0,0.0,8928.0,Cash on Delivery
597,CUST1042,2023-10-02,Mumbai,Home,4,953,3812,10,381.2,3430.8,UPI
598,CUST1096,2023-07-04,Bangalore,Beauty,3,1989,5967,20,1193.4,4773.6,Cash on Delivery
599,CUST1079,2023-11-29,Mumbai,Beauty,1,1139,1139,10,113.9,1025.1,Net Banking
600,CUST1069,2023-05-05,Bangalore,Home,1,2829,2829,15,424.35,2404.65,Credit Card
601,CUST1062,2023-05-25,Chennai,Sports,1,4434,4434,10,443.4,3990.6,Cash on Delivery
602,CUST1021,2023-01-23,Pune,Electronics,3,1777,5331,10,533.1,4797.9,Cash on Delivery
603,CUST1013,2023-10-03,Mumbai,Sports,5,260,1300,0,0.0,1300.0,UPI
604,CUST1091,2023-04-16,Pune,Sports,5,3765,18825,0,0.0,18825.0,UPI
605,CUST1071,2023-06-19,Mumbai,Home,1,916,916,0,0.0,916.0,Credit Card
606,CUST1080,2023-02-06,Bangalore,Sports,5,2064,10320,10,1032.0,9288.0,Net Banking
607,CUST1000,2023-07-27,Pune,Beauty,4,2791,11164,0,0.0,11164.0,Net Banking
608,CUST1064,2023-11-25,Pune,Home,5,718,3590,20,718.0,2872.0,Credit Card
609,CUST1048,2023-02-24,Delhi,Sports,3,2668,8004,20,1600.8,6403.2,Credit Card
610,CUST1095,2023-07-22,Mumbai,Clothing,1,4082,4082,5,204.1,3877.9,Cash on Delivery
611,CUST1070,2023-07-20,Delhi,Electronics,5,2616,13080,5,654.0,12426.0,Debit Card
612,CUST1050,2023-10-12,Chennai,Beauty,2,1209,2418,0,0.0,2418.0,Credit Card
613,CUST1052,2023-10-03,Delhi,Clothing,5,897,4485,10,448.5,4036.5,UPI
614,CUST1032,2023-11-27,Mumbai,Beauty,5,1366,6830,5,341.5,6488.5,UPI
615,CUST1082,2023-04-10,Chennai,Sports,1,1685,1685,20,337.0,1348.0,Credit Card
616,CUST1092,2023-10-09,Pune,Clothing,1,2581,2581,0,0.0,2581.0,Debit Card
617,CUST1036,2023-10-25,Mumbai,Electronics,4,2910,11640,10,1164.0,10476.0,UPI
618,CUST1078,2023-11-14,Bangalore,Home,1,1785,1785,10,178.5,1606.5,Net Banking
619,CUST1040,2023-12-04,Chennai,Home,3,4985,14955,5,747.75,14207.25,Cash on Delivery
620,CUST1035,2023-08-08,Mumbai,Sports,2,239,478,10,47.8,430.2,UPI
621,CUST1099,2023-07-04,Bangalore,Home,2,2916,5832,15,874.8,4957.2,Net Banking
622,CUST1035,2023-06-06,Chennai,Electronics,4,4719,18876,0,0.0,18876.0,UPI
623,CUST1064,2023-03-13,Pune,Electronics,5,1809,9045,10,904.5,8140.5,Credit Card
624,CUST1004,2023-11-20,Chennai,Clothing,1,4966,4966,20,993.2,3972.8,Net Banking
625,CUST1050,2023-10-10,Mumbai,Home,3,4652,13956,20,2791.2,11164.8,Net Banking
626,CUST1011,2023-04-25,Chennai,Beauty,5,2583,12915,5,645.75,12269.25,Net Banking
627,CUST1096,2023-07-23,Chennai,Clothing,3,4313,12939,0,0.0,12939.0,UPI
628,CUST1084,2023-09-21,Chennai,Beauty,2,3855,7710,5,385.5,7324.5,UPI
629,CUST1008,2023-03-16,Bangalore,Clothing,4,3139,12556,0,0.0,12556.0,UPI
630,CUST1049,2023-05-16,Chennai,Home,3,2117,6351,0,0.0,6351.0,UPI
631,CUST1081,2023-08-29,Pune,Beauty,4,580,2320,0,0.0,2320.0,Debit Card
632,CUST1083,2023-05-21,Mumbai,Sports,3,4940,14820,20,2964.0,11856.0,Cash on Delivery
633,CUST1066,2023-07-13,Bangalore,Clothing,3,837,2511,20,502.2,2008.8,Debit Card
634,CUST1064,2023-07-27,Chennai,Electronics,3,3026,9078,15,1361.7,7716.3,Net Banking
635,CUST1027,2023-03-13,Chennai,Home,4,1556,6224,5,311.2,5912.8,Credit Card
636,CUST1053,2023-03-18,Pune,Clothing,2,1489,2978,10,297.8,2680.2,Cash on Delivery
637,CUST1020,2023-06-19,Mumbai,Beauty,1,4144,4144,15,621.6,3522.4,Net Banking
638,CUST1075,2023-11-28,Mumbai,Beauty,4,383,1532,5,76.6,1455.4,Credit Card
639,CUST1021,2023-03-24,Mumbai,Electronics,2,4399,8798,0,0.0,8798.0,Cash on Delivery
640,CUST1092,2023-05-13,Chennai,Electronics,2,4432,8864,15,1329.6,7534.4,Cash on Delivery
641,CUST1061,2023-12-05,Chennai,Sports,3,902,2706,5,135.3,2570.7,Net Banking
642,CUST1079,2023-03-29,Chennai,Clothing,2,3565,7130,20,1426.0,5704.0,UPI
643,CUST1075,2023-12-04,Bangalore,Beauty,5,2366,11830,5,591.5,11238.5,Debit Card
644,CUST1025,2023-02-05,Pune,Electronics,2,3298,6596,15,989.4,5606.6,UPI
645,CUST1060,2023-09-25,Pune,Clothing,5,3638,18190,5,909.5,17280.5,Cash on Delivery
646,CUST1061,2023-11-11,Pune,Electronics,5,519,2595,20,519.0,2076.0,Cash on Delivery
647,CUST1047,2023-12-04,Chennai,Sports,2,4617,9234,0,0.0,9234.0,Net Banking
648,CUST1075,2023-01-23,Bangalore,Home,5,3714,18570,5,928.5,17641.5,Net Banking
649,CUST1098,2023-12-23,Delhi,Sports,5,1000,5000,15,750.0,4250.0,UPI
650,CUST1024,2023-04-30,Bangalore,Home,1,2520,2520,20,504.0,2016.0,Cash on Delivery
651,CUST1048,2023-01-03,Chennai,Electronics,1,4934,4934,20,986.8,3947.2,Credit Card
652,CUST1054,2023-12-02,Pune,Clothing,2,2787,5574,15,836.1,4737.9,Debit Card
653,CUST1046,2023-11-30,Bangalore,Beauty,5,2277,11385,10,1138.5,10246.5,Cash on Delivery
654,CUST1061,2023-11-10,Chennai,Beauty,3,3455,10365,5,518.25,9846.75,Net Banking
655,CUST1073,2023-04-02,Delhi,Home,3,4780,14340,20,2868.0,11472.0,Net Banking
656,CUST1012,2023-06-26,Bangalore,Clothing,4,1331,5324,0,0.0,5324.0,UPI
657,CUST1020,2023-04-20,Chennai,Electronics,5,3481,17405,10,1740.5,15664.5,Cash on Delivery
658,CUST1011,2023-07-19,Chennai,Sports,1,946,946,5,47.3,898.7,Net Banking
659,CUST1092,2023-02-02,Chennai,Electronics,3,2016,6048,10,604.8,5443.2,Credit Card
660,CUST1081,2023-07-16,Pune,Clothing,4,4468,17872,10,1787.2,16084.8,Cash on Delivery
661,CUST1004,2023-09-11,Delhi,Clothing,4,287,1148,5,57.4,1090.6,Cash on Delivery
662,CUST1046,2023-11-03,Mumbai,Electronics,5,4425,22125,5,1106.25,21018.75,Cash on Delivery
663,CUST1085,2023-05-03,Bangalore,Home,1,1489,1489,0,0.0,1489.0,Debit Card
664,CUST1070,2023-07-22,Pune,Electronics,4,1840,7360,20,1472.0,5888.0,Credit Card
665,CUST1077,2023-05-26,Delhi,Clothing,5,4975,24875,10,2487.5,22387.5,Debit Card
666,CUST1052,2023-04-10,Delhi,Clothing,4,3509,14036,20,2807.2,11228.8,Credit Card
667,CUST1014,2023-09-17,Delhi,Home,1,4776,4776,0,0.0,4776.0,Cash on Delivery
668,CUST1072,2023-09-20,Bangalore,Sports,3,4606,13818,20,2763.6,11054.4,Debit Card
669,CUST1061,2023-09-05,Chennai,Electronics,2,2982,5964,15,894.6,5069.4,Net Banking
670,CUST1052,2023-03-01,Mumbai,Home,3,753,2259,15,338.85,1920.15,UPI
671,CUST1011,2023-06-30,Mumbai,Home,5,4588,22940,0,0.0,22940.0,Debit Card
672,CUST1045,2023-07-24,Bangalore,Home,3,822,2466,20,493.2,1972.8,UPI
673,CUST1030,2023-04-22,Bangalore,Clothing,5,2404,12020,5,601.0,11419.0,UPI
674,CUST1045,2023-05-04,Mumbai,Beauty,3,1893,5679,5,283.95,5395.05,UPI
675,CUST1097,2023-03-21,Chennai,Electronics,1,1182,1182,0,0.0,1182.0,Net Banking
676,CUST1073,2023-10-05,Delhi,Sports,1,4150,4150,10,415.0,3735.0,Cash on Delivery
677,CUST1096,2023-05-21,Bangalore,Clothing,4,1698,6792,20,1358.4,5433.6,Debit Card
678,CUST1004,2023-10-23,Bangalore,Beauty,2,643,1286,20,257.2,1028.8,Net Banking
679,CUST1058,2023-09-15,Pune,Beauty,3,3425,10275,5,513.75,9761.25,Net Banking
680,CUST1041,2023-06-11,Chennai,Electronics,1,296,296,5,14.8,281.2,Net Banking
681,CUST1034,2023-07-05,Delhi,Clothing,5,2327,11635,5,581.75,11053.25,Cash on Delivery
682,CUST1026,2023-08-30,Bangalore,Sports,5,3010,15050,10,1505.0,13545.0,UPI
683,CUST1073,2023-08-03,Bangalore,Clothing,3,3190,9570,15,1435.5,8134.5,Debit Card
684,CUST1055,2023-03-09,Mumbai,Beauty,5,2072,10360,0,0.0,10360.0,Debit Card
685,CUST1053,2023-07-15,Pune,Clothing,2,1394,2788,5,139.4,2648.6,Net Banking
686,CUST1032,2023-09-13,Bangalore,Home,2,4435,8870,20,1774.0,7096.0,Debit Card
687,CUST1027,2023-10-15,Mumbai,Electronics,5,590,2950,15,442.5,2507.5,Credit Card
688,CUST1046,2023-05-11,Delhi,Home,4,988,3952,15,592.8,3359.2,Debit Card
689,CUST1044,2023-10-14,Bangalore,Electronics,5,2311,11555,10,1155.5,10399.5,Credit Card
690,CUST1099,2023-12-14,Chennai,Clothing,5,1829,9145,20,1829.0,7316.0,Cash on Delivery
691,CUST1048,2023-05-26,Bangalore,Electronics,3,2863,8589,20,1717.8,6871.2,Net Banking
692,CUST1080,2023-11-11,Delhi,Sports,3,3999,11997,5,599.85,11397.15,UPI
693,CUST1029,2023-11-10,Mumbai,Home,5,3515,17575,0,0.0,17575.0,Credit Card
694,CUST1056,2023-06-10,Bangalore,Home,3,2586,7758,10,775.8,6982.2,Cash on Delivery
695,CUST1002,2023-07-05,Mumbai,Clothing,5,4467,22335,15,3350.25,18984.75,Net Banking
696,CUST1013,2023-03-06,Mumbai,Sports,2,2261,4522,0,0.0,4522.0,UPI
697,CUST1067,2023-02-18,Pune,Sports,1,4076,4076,20,815.2,3260.8,Credit Card
698,CUST1039,2023-02-12,Pune,Sports,1,2350,2350,20,470.0,1880.0,UPI
699,CUST1021,2023-04-28,Mumbai,Beauty,2,2527,5054,15,758.1,4295.9,UPI
700,CUST1034,2023-01-15,Bangalore,Beauty,1,3123,3123,10,312.3,2810.7,Net Banking
701,CUST1058,2023-10-08,Chennai,Beauty,4,1306,5224,20,1044.8,4179.2,UPI
702,CUST1061,2023-11-20,Delhi,Home,5,3763,18815,20,3763.0,15052.0,Cash on Delivery
703,CUST1033,2023-10-04,Delhi,Sports,2,933,1866,15,279.9,1586.1,Debit Card
704,CUST1036,2023-03-21,Mumbai,Home,3,286,858,0,0.0,858.0,Cash on Delivery
705,CUST1098,2023-08-29,Delhi,Electronics,5,268,1340,15,201.0,1139.0,Net Banking
706,CUST1052,2023-08-09,Delhi,Clothing,3,2094,6282,0,0.0,6282.0,Cash on Delivery
707,CUST1028,2023-10-15,Bangalore,Sports,4,3433,13732,5,686.6,13045.4,UPI
708,CUST1036,2023-05-15,Chennai,Home,1,3658,3658,5,182.9,3475.1,Cash on Delivery
709,CUST1017,2023-11-29,Pune,Clothing,5,2402,12010,15,1801.5,10208.5,UPI
710,CUST1062,2023-05-29,Delhi,Beauty,1,3930,3930,20,786.0,3144.0,Net Banking
711,CUST1023,2023-04-07,Chennai,Electronics,3,358,1074,5,53.7,1020.3,Credit Card
712,CUST1011,2023-02-22,Pune,Clothing,3,2405,7215,5,360.75,6854.25,Net Banking
713,CUST1100,2023-03-19,Bangalore,Home,1,4243,4243,5,212.15,4030.85,Debit Card
714,CUST1007,2023-09-13,Pune,Clothing,3,3998,11994,0,0.0,11994.0,Debit Card
715,CUST1032,2023-05-17,Mumbai,Clothing,4,784,3136,20,627.2,2508.8,Net Banking
716,CUST1094,2023-07-15,Bangalore,Clothing,1,1199,1199,5,59.95,1139.05,Net Banking
717,CUST1049,2023-01-18,Mumbai,Sports,2,3975,7950,0,0.0,7950.0,Cash on Delivery
718,CUST1015,2023-12-15,Chennai,Beauty,3,2846,8538,5,426.9,8111.1,Credit Card
719,CUST1014,2023-05-10,Pune,Clothing,4,2647,10588,5,529.4,10058.6,Debit Card
720,CUST1015,2023-05-01,Delhi,Beauty,4,2858,11432,0,0.0,11432.0,UPI
721,CUST1019,2023-07-22,Bangalore,Beauty,2,273,546,0,0.0,546.0,Cash on Delivery
722,CUST1043,2023-07-10,Pune,Beauty,1,2237,2237,5,111.85,2125.15,Net Banking
723,CUST1016,2023-11-17,Chennai,Electronics,1,689,689,10,68.9,620.1,UPI
724,CUST1002,2023-09-07,Bangalore,Clothing,2,2794,5588,20,1117.6,4470.4,Debit Card
725,CUST1090,2023-12-19,Pune,Sports,4,3134,12536,5,626.8,11909.2,Debit Card
726,CUST1023,2023-08-13,Mumbai,Beauty,5,2614,13070,20,2614.0,10456.0,Net Banking
727,CUST1020,2023-10-06,Chennai,Beauty,3,2851,8553,15,1282.95,7270.05,Debit Card
728,CUST1046,2023-02-05,Delhi,Beauty,5,1469,7345,15,1101.75,6243.25,Debit Card
729,CUST1046,2023-08-21,Pune,Beauty,1,4344,4344,15,651.6,3692.4,UPI
730,CUST1067,2023-11-14,Bangalore,Clothing,2,2827,5654,0,0.0,5654.0,Cash on Delivery
731,CUST1052,2023-12-16,Delhi,Home,4,4717,18868,5,943.4,17924.6,Cash on Delivery
732,CUST1016,2023-11-25,Pune,Electronics,3,1104,3312,0,0.0,3312.0,Cash on Delivery
733,CUST1004,2023-04-02,Mumbai,Electronics,1,1855,1855,0,0.0,1855.0,Net Banking
734,CUST1006,2023-10-20,Chennai,Home,4,4213,16852,20,3370.4,13481.6,Cash on Delivery
735,CUST1059,2023-07-07,Bangalore,Electronics,2,780,1560,0,0.0,1560.0,UPI
736,CUST1078,2023-11-24,Delhi,Electronics,1,3156,3156,20,631.2,2524.8,Net Banking
737,CUST1066,2023-05-17,Pune,Clothing,5,533,2665,0,0.0,2665.0,Debit Card
738,CUST1067,2023-02-19,Mumbai,Clothing,1,2092,2092,20,418.4,1673.6,Net Banking
739,CUST1095,2023-12-03,Chennai,Sports,2,4869,9738,5,486.9,9251.1,Cash on Delivery
740,CUST1023,2023-02-24,Pune,Clothing,5,3132,15660,15,2349.0,13311.0,Net Banking
741,CUST1056,2023-10-09,Chennai,Beauty,4,4334,17336,10,1733.6,15602.4,UPI
742,CUST1092,2023-06-30,Bangalore,Sports,3,4706,14118,10,1411.8,12706.2,Debit Card
743,CUST1098,2023-06-15,Mumbai,Sports,5,2171,10855,20,2171.0,8684.0,Cash on Delivery
744,CUST1092,2023-10-09,Bangalore,Electronics,3,3149,9447,15,1417.05,8029.95,Net Banking
745,CUST1038,2023-01-18,Delhi,Electronics,3,333,999,20,199.8,799.2,UPI
746,CUST1071,2023-04-24,Chennai,Beauty,2,2779,5558,0,0.0,5558.0,Debit Card
747,CUST1019,2023-10-20,Bangalore,Home,5,1467,7335,0,0.0,7335.0,Credit Card
748,CUST1038,2023-03-12,Mumbai,Home,3,3207,9621,20,1924.2,7696.8,UPI
749,CUST1061,2023-02-17,Pune,Home,5,3475,17375,20,3475.0,13900.0,UPI
750,CUST1093,2023-03-30,Delhi,Electronics,4,4920,19680,0,0.0,19680.0,Cash on Delivery
751,CUST1053,2023-10-23,Delhi,Sports,4,842,3368,0,0.0,3368.0,Debit Card
752,CUST1005,2023-03-03,Delhi,Beauty,2,293,586,15,87.9,498.1,Credit Card
753,CUST1019,2023-06-13,Chennai,Clothing,5,4827,24135,5,1206.75,22928.25,Debit Card
754,CUST1028,2023-01-26,Chennai,Electronics,4,3850,15400,20,3080.0,12320.0,Cash on Delivery
755,CUST1060,2023-08-10,Delhi,Electronics,3,3430,10290,5,514.5,9775.5,UPI
756,CUST1064,2023-10-20,Pune,Sports,1,4690,4690,15,703.5,3986.5,Debit Card
757,CUST1050,2023-08-11,Mumbai,Sports,2,1304,2608,15,391.2,2216.8,Cash on Delivery
758,CUST1031,2023-11-30,Chennai,Clothing,5,1806,9030,20,1806.0,7224.0,Cash on Delivery
759,CUST1085,2023-02-06,Pune,Electronics,3,3723,11169,10,1116.9,10052.1,Cash on Delivery
760,CUST1076,2023-07-31,Delhi,Home,4,3192,12768,10,1276.8,11491.2,UPI
761,CUST1079,2023-12-02,Chennai,Sports,1,2697,2697,5,134.85,2562.15,Debit Card
762,CUST1096,2023-03-16,Delhi,Clothing,4,567,2268,5,113.4,2154.6,UPI
763,CUST1001,2023-02-13,Mumbai,Home,1,646,646,5,32.3,613.7,Cash on Delivery
764,CUST1026,2023-06-25,Pune,Home,1,2699,2699,15,404.85,2294.15,Net Banking
765,CUST1061,2023-10-03,Delhi,Beauty,2,1869,3738,20,747.6,2990.4,Cash on Delivery
766,CUST1032,2023-11-15,Chennai,Electronics,2,350,700,15,105.0,595.0,Cash on Delivery
767,CUST1059,2023-03-29,Delhi,Electronics,1,2526,2526,5,126.3,2399.7,Cash on Delivery
768,CUST1002,2023-12-02,Delhi,Electronics,1,745,745,15,111.75,633.25,Debit Card
769,CUST1062,2023-05-30,Pune,Home,4,2093,8372,15,1255.8,7116.2,Cash on Delivery
770,CUST1071,2023-11-02,Chennai,Sports,5,921,4605,5,230.25,4374.75,UPI
771,CUST1062,2023-12-31,Delhi,Home,1,525,525,5,26.25,498.75,Cash on Delivery
772,CUST1030,2023-07-21,Delhi,Home,2,350,700,10,70.0,630.0,Debit Card
773,CUST1035,2023-09-14,Pune,Beauty,3,707,2121,10,212.1,1908.9,Net Banking
774,CUST1066,2023-04-26,Pune,Sports,2,2999,5998,15,899.7,5098.3,UPI
775,CUST1054,2023-12-14,Chennai,Clothing,5,2063,10315,15,1547.25,8767.75,UPI
776,CUST1083,2023-06-09,Mumbai,Clothing,5,2897,14485,15,2172.75,12312.25,Cash on Delivery
777,CUST1017,2023-03-12,Delhi,Beauty,5,4634,23170,5,1158.5,22011.5,UPI
778,CUST1068,2023-08-09,Pune,Beauty,2,4827,9654,5,482.7,9171.3,Debit Card
779,CUST1052,2023-03-02,Delhi,Sports,2,2801,5602,5,280.1,5321.9,Credit Card
780,CUST1023,2023-06-05,Pune,Clothing,4,2442,9768,5,488.4,9279.6,UPI
781,CUST1076,2023-01-14,Chennai,Clothing,5,2386,11930,20,2386.0,9544.0,Cash on Delivery
782,CUST1064,2023-04-29,Bangalore,Clothing,2,413,826,10,82.6,743.4,Credit Card
783,CUST1017,2023-11-06,Bangalore,Sports,4,3263,13052,5,652.6,12399.4,Net Banking
784,CUST1052,2023-03-25,Pune,Home,2,2053,4106,0,0.0,4106.0,Net Banking
785,CUST1062,2023-04-24,Bangalore,Beauty,2,1875,3750,0,0.0,3750.0,UPI
786,CUST1077,2023-12-19,Bangalore,Electronics,3,3948,11844,5,592.2,11251.8,Net Banking
787,CUST1067,2023-07-14,Chennai,Beauty,3,3428,10284,20,2056.8,8227.2,Cash on Delivery
788,CUST1031,2023-11-25,Bangalore,Electronics,1,4465,4465,0,0.0,4465.0,Net Banking
789,CUST1097,2023-09-23,Bangalore,Beauty,5,3440,17200,0,0.0,17200.0,Cash on Delivery
790,CUST1099,2023-11-19,Bangalore,Home,1,1755,1755,10,175.5,1579.5,Net Banking
791,CUST1088,2023-05-27,Chennai,Electronics,4,1563,6252,15,937.8,5314.2,Debit Card
792,CUST1023,2023-09-22,Chennai,Electronics,2,3997,7994,15,1199.1,6794.9,Credit Card
793,CUST1003,2023-10-27,Delhi,Sports,5,1308,6540,15,981.0,5559.0,Net Banking
794,CUST1088,2023-04-02,Delhi,Home,4,1854,7416,15,1112.4,6303.6,Credit Card
795,CUST1010,2023-11-29,Bangalore,Home,2,1212,2424,0,0.0,2424.0,Credit Card
796,CUST1048,2023-09-26,Bangalore,Beauty,4,4391,17564,20,3512.8,14051.2,UPI
797,CUST1022,2023-01-23,Mumbai,Clothing,2,2945,5890,20,1178.0,4712.0,UPI
798,CUST1080,2023-12-31,Bangalore,Home,1,3637,3637,10,363.7,3273.3,Debit Card
799,CUST1001,2023-04-03,Chennai,Home,1,1277,1277,5,63.85,1213.15,Credit Card
800,CUST1030,2023-08-23,Chennai,Sports,4,4284,17136,20,3427.2,13708.8,Credit Card
801,CUST1076,2023-04-22,Bangalore,Electronics,5,4097,20485,15,3072.75,17412.25,Net Banking
802,CUST1026,2023-11-04,Chennai,Beauty,1,2204,2204,20,440.8,1763.2,Debit Card
803,CUST1004,2023-01-26,Pune,Clothing,2,1414,2828,0,0.0,2828.0,Debit Card
804,CUST1053,2023-12-08,Pune,Electronics,5,2644,13220,10,1322.0,11898.0,Credit Card
805,CUST1022,2023-04-02,Chennai,Beauty,2,2529,5058,20,1011.6,4046.4,Cash on Delivery
806,CUST1047,2023-08-22,Delhi,Home,5,3150,15750,0,0.0,15750.0,Credit Card
807,CUST1017,2023-07-14,Delhi,Sports,1,3700,3700,20,740.0,2960.0,Credit Card
808,CUST1089,2023-03-04,Chennai,Clothing,3,2896,8688,20,1737.6,6950.4,Net Banking
809,CUST1061,2023-04-18,Chennai,Electronics,5,676,3380,0,0.0,3380.0,Cash on Delivery
810,CUST1067,2023-12-19,Delhi,Home,5,2552,12760,15,1914.0,10846.0,Cash on Delivery
811,CUST1066,2023-10-22,Chennai,Sports,5,3098,15490,5,774.5,14715.5,Cash on Delivery
812,CUST1024,2023-11-20,Mumbai,Home,4,4234,16936,5,846.8,16089.2,Cash on Delivery
813,CUST1053,2023-01-01,Mumbai,Beauty,1,396,396,15,59.4,336.6,Credit Card
814,CUST1081,2023-07-31,Mumbai,Electronics,1,2934,2934,10,293.4,2640.6,Cash on Delivery
815,CUST1070,2023-04-14,Delhi,Beauty,3,2284,6852,0,0.0,6852.0,Debit Card
816,CUST1078,2023-06-15,Bangalore,Beauty,1,1132,1132,10,113.2,1018.8,Debit Card
817,CUST1004,2023-01-15,Bangalore,Sports,2,1789,3578,10,357.8,3220.2,Debit Card
818,CUST1059,2023-11-27,Chennai,Home,2,4144,8288,5,414.4,7873.6,Net Banking
819,CUST1068,2023-07-31,Delhi,Beauty,1,4468,4468,10,446.8,4021.2,Cash on Delivery
820,CUST1035,2023-01-10,Pune,Clothing,2,4930,9860,10,986.0,8874.0,Debit Card
821,CUST1049,2023-01-16,Chennai,Beauty,3,3273,9819,20,1963.8,7855.2,UPI
822,CUST1052,2023-04-06,Pune,Home,5,1157,5785,10,578.5,5206.5,Debit Card
823,CUST1067,2023-02-14,Delhi,Clothing,4,2146,8584,10,858.4,7725.6,Net Banking
824,CUST1056,2023-06-04,Mumbai,Electronics,2,1119,2238,10,223.8,2014.2,Credit Card
825,CUST1061,2023-09-17,Mumbai,Home,1,4153,4153,20,830.6,3322.4,UPI
826,CUST1026,2023-09-26,Chennai,Clothing,3,2881,8643,5,432.15,8210.85,Credit Card
827,CUST1005,2023-01-19,Pune,Home,4,3375,13500,20,2700.0,10800.0,Credit Card
828,CUST1066,2023-12-18,Pune,Electronics,5,913,4565,10,456.5,4108.5,Net Banking
829,CUST1025,2023-12-04,Mumbai,Home,3,384,1152,20,230.4,921.6,Debit Card
830,CUST1034,2023-04-09,Bangalore,Electronics,3,2466,7398,20,1479.6,5918.4,Debit Card
831,CUST1065,2023-03-18,Chennai,Beauty,2,2441,4882,0,0.0,4882.0,Credit Card
832,CUST1018,2023-02-22,Delhi,Home,2,4644,9288,10,928.8,8359.2,Cash on Delivery
833,CUST1078,2023-12-27,Pune,Home,3,4902,14706,5,735.3,13970.7,UPI
834,CUST1086,2023-06-23,Pune,Sports,5,3834,19170,0,0.0,19170.0,UPI
835,CUST1022,2023-01-26,Bangalore,Sports,1,3342,3342,0,0.0,3342.0,Credit Card
836,CUST1025,2023-12-27,Delhi,Home,5,3852,19260,20,3852.0,15408.0,Debit Card
837,CUST1089,2024-01-01,Mumbai,Electronics,5,843,4215,15,632.25,3582.75,Cash on Delivery
838,CUST1028,2023-08-28,Bangalore,Clothing,1,3932,3932,10,393.2,3538.8,Net Banking
839,CUST1100,2023-03-15,Mumbai,Home,5,2313,11565,10,1156.5,10408.5,Net Banking
840,CUST1044,2023-06-16,Bangalore,Electronics,4,4193,16772,0,0.0,16772.0,Credit Card
841,CUST1016,2023-09-03,Chennai,Beauty,4,1599,6396,10,639.6,5756.4,Debit Card
842,CUST1038,2023-09-18,Chennai,Electronics,1,3523,3523,0,0.0,3523.0,Debit Card
843,CUST1031,2023-09-30,Mumbai,Beauty,4,3483,13932,20,2786.4,11145.6,Net Banking
844,CUST1088,2023-10-08,Delhi,Clothing,2,4151,8302,15,1245.3,7056.7,Credit Card
845,CUST1022,2023-10-30,Chennai,Clothing,4,3766,15064,20,3012.8,12051.2,Debit Card
846,CUST1059,2023-12-06,Chennai,Beauty,1,4903,4903,15,735.45,4167.55,Credit Card
847,CUST1008,2023-06-16,Delhi,Sports,5,999,4995,15,749.25,4245.75,UPI
848,CUST1027,2023-11-03,Pune,Electronics,1,3304,3304,10,330.4,2973.6,Net Banking
849,CUST1037,2023-03-13,Bangalore,Beauty,5,201,1005,5,50.25,954.75,UPI
850,CUST1038,2023-07-19,Mumbai,Home,5,4934,24670,15,3700.5,20969.5,UPI
851,CUST1078,2023-10-19,Chennai,Electronics,3,3761,11283,10,1128.3,10154.7,Credit Card
852,CUST1006,2023-09-19,Delhi,Beauty,4,1244,4976,10,497.6,4478.4,Credit Card
853,CUST1055,2023-01-01,Pune,Clothing,5,3142,15710,0,0.0,15710.0,Debit Card
854,CUST1055,2023-12-26,Bangalore,Sports,5,3429,17145,10,1714.5,15430.5,Net Banking
855,CUST1049,2023-10-07,Mumbai,Beauty,2,1620,3240,15,486.0,2754.0,UPI
856,CUST1009,2023-07-04,Mumbai,Electronics,4,1463,5852,10,585.2,5266.8,UPI
857,CUST1017,2023-11-28,Mumbai,Electronics,1,1379,1379,15,206.85,1172.15,Net Banking
858,CUST1058,2023-11-25,Chennai,Clothing,4,3935,15740,20,3148.0,12592.0,Net Banking
859,CUST1023,2023-09-18,Delhi,Clothing,4,4722,18888,15,2833.2,16054.8,Net Banking
860,CUST1034,2023-08-06,Mumbai,Beauty,5,260,1300,20,260.0,1040.0,Net Banking
861,CUST1061,2023-07-30,Pune,Beauty,5,4921,24605,10,2460.5,22144.5,Credit Card
862,CUST1093,2023-12-27,Pune,Clothing,3,1127,3381,20,676.2,2704.8,Net Banking
863,CUST1011,2023-09-27,Chennai,Beauty,3,4008,12024,20,2404.8,9619.2,Credit Card
864,CUST1006,2023-05-06,Delhi,Beauty,4,839,3356,20,671.2,2684.8,Cash on Delivery
865,CUST1073,2023-06-25,Chennai,Sports,5,288,1440,15,216.0,1224.0,Net Banking
866,CUST1088,2023-06-19,Mumbai,Electronics,4,3091,12364,10,1236.4,11127.6,Debit Card
867,CUST1021,2023-11-02,Bangalore,Beauty,3,4817,14451,10,1445.1,13005.9,Credit Card
868,CUST1010,2023-10-21,Delhi,Sports,1,2590,2590,20,518.0,2072.0,Credit Card
869,CUST1035,2023-03-06,Mumbai,Beauty,5,829,4145,10,414.5,3730.5,Debit Card
870,CUST1094,2023-05-21,Mumbai,Beauty,3,316,948,0,0.0,948.0,Cash on Delivery
871,CUST1023,2023-03-19,Mumbai,Sports,4,3229,12916,5,645.8,12270.2,Debit Card
872,CUST1063,2023-09-28,Chennai,Clothing,1,3008,3008,0,0.0,3008.0,UPI
873,CUST1093,2023-07-31,Mumbai,Beauty,4,2149,8596,15,1289.4,7306.6,UPI
874,CUST1051,2023-06-26,Mumbai,Sports,1,2365,2365,0,0.0,2365.0,Credit Card
875,CUST1060,2023-09-01,Bangalore,Sports,3,4101,12303,20,2460.6,9842.4,UPI
876,CUST1048,2023-05-15,Delhi,Sports,2,4545,9090,15,1363.5,7726.5,Credit Card
877,CUST1055,2023-12-14,Chennai,Home,3,4543,13629,0,0.0,13629.0,Credit Card
878,CUST1083,2023-11-09,Pune,Home,3,2944,8832,10,883.2,7948.8,Debit Card
879,CUST1043,2023-10-27,Mumbai,Beauty,4,3977,15908,5,795.4,15112.6,Cash on Delivery
880,CUST1001,2023-12-13,Pune,Electronics,2,2766,5532,20,1106.4,4425.6,Credit Card
881,CUST1092,2023-07-30,Delhi,Clothing,1,4502,4502,0,0.0,4502.0,Net Banking
882,CUST1007,2023-05-26,Chennai,Electronics,3,1781,5343,0,0.0,5343.0,Credit Card
883,CUST1048,2023-11-01,Chennai,Clothing,2,1197,2394,0,0.0,2394.0,Credit Card
884,CUST1059,2023-12-03,Delhi,Home,5,1713,8565,0,0.0,8565.0,UPI
885,CUST1020,2023-12-05,Delhi,Home,1,3914,3914,10,391.4,3522.6,Net Banking
886,CUST1033,2023-02-07,Delhi,Electronics,3,711,2133,15,319.95,1813.05,Net Banking
887,CUST1050,2023-05-16,Mumbai,Beauty,2,3809,7618,0,0.0,7618.0,Net Banking
888,CUST1078,2023-04-02,Bangalore,Clothing,4,1088,4352,5,217.6,4134.4,Cash on Delivery
889,CUST1009,2023-11-26,Pune,Electronics,1,3817,3817,10,381.7,3435.3,Credit Card
890,CUST1004,2023-10-20,Mumbai,Electronics,3,3852,11556,0,0.0,11556.0,Net Banking
891,CUST1000,2023-12-07,Bangalore,Beauty,4,2382,9528,5,476.4,9051.6,Debit Card
892,CUST1028,2023-09-21,Pune,Beauty,4,4116,16464,15,2469.6,13994.4,Net Banking
893,CUST1042,2023-01-02,Chennai,Home,4,4149,16596,0,0.0,16596.0,Cash on Delivery
894,CUST1043,2023-12-16,Delhi,Beauty,3,3481,10443,0,0.0,10443.0,Credit Card
895,CUST1049,2023-02-11,Chennai,Electronics,4,2575,10300,5,515.0,9785.0,UPI
896,CUST1010,2023-12-05,Delhi,Sports,2,2648,5296,15,794.4,4501.6,Credit Card
897,CUST1092,2023-11-20,Mumbai,Electronics,4,1752,7008,5,350.4,6657.6,Credit Card
898,CUST1063,2023-10-31,Chennai,Home,2,4207,8414,15,1262.1,7151.9,Credit Card
899,CUST1100,2023-10-01,Pune,Home,4,334,1336,0,0.0,1336.0,Debit Card
900,CUST1019,2023-01-22,Bangalore,Beauty,4,1168,4672,5,233.6,4438.4,Cash on Delivery
901,CUST1060,2023-10-24,Bangalore,Electronics,2,790,1580,0,0.0,1580.0,UPI
902,CUST1039,2023-11-13,Mumbai,Electronics,1,2188,2188,5,109.4,2078.6,Credit Card
903,CUST1063,2023-02-19,Pune,Electronics,4,1598,6392,20,1278.4,5113.6,Credit Card
904,CUST1094,2023-11-01,Bangalore,Home,5,2006,10030,0,0.0,10030.0,UPI
905,CUST1041,2023-12-14,Chennai,Clothing,4,2856,11424,0,0.0,11424.0,Cash on Delivery
906,CUST1018,2023-04-20,Pune,Home,1,1620,1620,10,162.0,1458.0,Credit Card
907,CUST1074,2023-08-01,Bangalore,Clothing,2,3230,6460,20,1292.0,5168.0,UPI
908,CUST1062,2023-01-21,Mumbai,Electronics,2,1018,2036,20,407.2,1628.8,Net Banking
909,CUST1053,2023-02-11,Chennai,Home,1,259,259,5,12.95,246.05,Credit Card
910,CUST1057,2023-12-22,Delhi,Beauty,4,1239,4956,5,247.8,4708.2,UPI
911,CUST1091,2023-07-30,Chennai,Clothing,2,1629,3258,20,651.6,2606.4,Credit Card
912,CUST1071,2023-09-13,Bangalore,Electronics,5,921,4605,10,460.5,4144.5,Debit Card
913,CUST1097,2023-05-01,Chennai,Home,2,1162,2324,20,464.8,1859.2,Credit Card
914,CUST1024,2023-10-04,Delhi,Electronics,5,1996,9980,15,1497.0,8483.0,UPI
915,CUST1006,2023-02-27,Mumbai,Electronics,2,4086,8172,15,1225.8,6946.2,UPI
916,CUST1078,2023-11-27,Delhi,Home,3,2535,7605,5,380.25,7224.75,Net Banking
917,CUST1100,2023-08-21,Mumbai,Clothing,1,1055,1055,0,0.0,1055.0,Cash on Delivery
918,CUST1075,2023-01-15,Mumbai,Sports,4,4418,17672,0,0.0,17672.0,Credit Card
919,CUST1041,2023-10-24,Mumbai,Electronics,3,3632,10896,5,544.8,10351.2,Debit Card
920,CUST1009,2023-04-27,Bangalore,Clothing,1,2142,2142,15,321.3,1820.7,UPI
921,CUST1078,2023-08-30,Mumbai,Clothing,5,4168,20840,0,0.0,20840.0,Net Banking
922,CUST1080,2023-08-21,Bangalore,Clothing,2,3373,6746,10,674.6,6071.4,UPI
923,CUST1007,2023-07-03,Pune,Beauty,3,1856,5568,10,556.8,5011.2,UPI
924,CUST1097,2023-05-24,Bangalore,Clothing,2,1110,2220,15,333.0,1887.0,Net Banking
925,CUST1073,2023-06-25,Chennai,Clothing,2,2617,5234,20,1046.8,4187.2,UPI
926,CUST1075,2023-10-11,Bangalore,Clothing,2,908,1816,15,272.4,1543.6,Cash on Delivery
927,CUST1041,2023-08-31,Mumbai,Clothing,4,2486,9944,0,0.0,9944.0,Net Banking
928,CUST1053,2023-08-11,Chennai,Electronics,5,2021,10105,20,2021.0,8084.0,UPI
929,CUST1050,2023-01-23,Bangalore,Beauty,1,4055,4055,20,811.0,3244.0,Credit Card
930,CUST1096,2023-09-03,Pune,Beauty,1,3906,3906,15,585.9,3320.1,UPI
931,CUST1082,2023-01-07,Delhi,Clothing,4,1985,7940,5,397.0,7543.0,Debit Card
932,CUST1095,2023-02-16,Bangalore,Beauty,1,4130,4130,10,413.0,3717.0,UPI
933,CUST1047,2023-10-26,Bangalore,Clothing,1,3926,3926,15,588.9,3337.1,UPI
934,CUST1004,2023-11-17,Delhi,Beauty,4,211,844,0,0.0,844.0,Net Banking
935,CUST1100,2023-06-01,Chennai,Clothing,4,2410,9640,20,1928.0,7712.0,Cash on Delivery
936,CUST1014,2023-12-17,Delhi,Electronics,1,2950,2950,0,0.0,2950.0,Cash on Delivery
937,CUST1022,2023-07-16,Delhi,Home,3,4012,12036,20,2407.2,9628.8,Credit Card
938,CUST1030,2023-11-28,Mumbai,Home,5,748,3740,20,748.0,2992.0,UPI
939,CUST1045,2023-10-04,Mumbai,Home,1,4119,4119,20,823.8,3295.2,UPI
940,CUST1044,2023-05-17,Pune,Home,5,3664,18320,10,1832.0,16488.0,Credit Card
941,CUST1086,2023-08-20,Bangalore,Beauty,4,4307,17228,20,3445.6,13782.4,Credit Card
942,CUST1058,2023-09-30,Pune,Clothing,3,3902,11706,20,2341.2,9364.8,Debit Card
943,CUST1021,2023-02-14,Pune,Electronics,1,3400,3400,5,170.0,3230.0,Debit Card
944,CUST1080,2023-05-22,Mumbai,Beauty,1,1412,1412,15,211.8,1200.2,UPI
945,CUST1053,2023-01-12,Bangalore,Home,3,3612,10836,20,2167.2,8668.8,UPI
946,CUST1066,2023-08-16,Pune,Clothing,1,2588,2588,5,129.4,2458.6,Credit Card
947,CUST1075,2023-11-27,Delhi,Sports,3,3572,10716,20,2143.2,8572.8,Debit Card
948,CUST1016,2023-12-07,Delhi,Beauty,5,4693,23465,15,3519.75,19945.25,Net Banking
949,CUST1098,2023-06-06,Delhi,Home,2,2329,4658,5,232.9,4425.1,Net Banking
950,CUST1020,2023-01-25,Mumbai,Beauty,2,3092,6184,10,618.4,5565.6,Net Banking
951,CUST1030,2023-12-31,Mumbai,Clothing,5,2536,12680,5,634.0,12046.0,UPI
952,CUST1047,2023-03-01,Bangalore,Home,1,2793,2793,20,558.6,2234.4,UPI
953,CUST1047,2023-04-05,Delhi,Clothing,2,4807,9614,0,0.0,9614.0,Debit Card
954,CUST1051,2023-08-18,Pune,Electronics,5,1531,7655,20,1531.0,6124.0,Debit Card
955,CUST1064,2023-09-13,Pune,Beauty,2,3952,7904,10,790.4,7113.6,UPI
956,CUST1093,2023-06-19,Mumbai,Beauty,3,4082,12246,10,1224.6,11021.4,Cash on Delivery
957,CUST1014,2023-08-15,Mumbai,Beauty,3,1120,3360,15,504.0,2856.0,Credit Card
958,CUST1011,2023-06-07,Bangalore,Home,1,3490,3490,20,698.0,2792.0,UPI
959,CUST1025,2023-06-17,Mumbai,Home,1,1798,1798,20,359.6,1438.4,Cash on Delivery
960,CUST1024,2023-01-12,Chennai,Sports,1,4610,4610,15,691.5,3918.5,Credit Card
961,CUST1091,2023-09-09,Bangalore,Clothing,3,4390,13170,0,0.0,13170.0,Debit Card
962,CUST1044,2023-08-07,Delhi,Home,3,3363,10089,10,1008.9,9080.1,Credit Card
963,CUST1056,2023-06-07,Bangalore,Sports,4,4795,19180,0,0.0,19180.0,UPI
964,CUST1011,2023-05-28,Chennai,Beauty,2,3672,7344,15,1101.6,6242.4,UPI
965,CUST1075,2023-03-15,Delhi,Electronics,2,2684,5368,15,805.2,4562.8,Cash on Delivery
966,CUST1071,2023-07-12,Bangalore,Clothing,1,254,254,15,38.1,215.9,Debit Card
967,CUST1070,2023-08-25,Bangalore,Home,5,1321,6605,5,330.25,6274.75,UPI
968,CUST1094,2023-09-09,Bangalore,Beauty,1,2673,2673,20,534.6,2138.4,Debit Card
969,CUST1081,2023-08-26,Delhi,Home,2,419,838,0,0.0,838.0,UPI
970,CUST1088,2023-11-22,Mumbai,Sports,4,1217,4868,10,486.8,4381.2,Net Banking
971,CUST1076,2023-11-27,Bangalore,Electronics,2,433,866,0,0.0,866.0,Debit Card
972,CUST1088,2023-07-05,Delhi,Sports,5,4136,20680,20,4136.0,16544.0,Net Banking
973,CUST1074,2023-03-03,Delhi,Clothing,3,4398,13194,20,2638.8,10555.2,Credit Card
974,CUST1006,2023-01-30,Delhi,Clothing,2,2818,5636,15,845.4,4790.6,UPI
975,CUST1067,2023-05-20,Delhi,Home,3,3636,10908,10,1090.8,9817.2,Credit Card
976,CUST1096,2023-11-24,Pune,Beauty,1,4409,4409,5,220.45,4188.55,UPI
977,CUST1012,2023-03-27,Delhi,Home,5,2842,14210,10,1421.0,12789.0,Debit Card
978,CUST1036,2023-10-01,Mumbai,Beauty,5,3080,15400,5,770.0,14630.0,Credit Card
979,CUST1019,2023-07-10,Pune,Clothing,4,3575,14300,10,1430.0,12870.0,UPI
980,CUST1091,2023-09-15,Chennai,Beauty,2,1743,3486,20,697.2,2788.8,Cash on Delivery
981,CUST1002,2023-10-10,Pune,Clothing,1,3618,3618,15,542.7,3075.3,Credit Card
982,CUST1066,2023-09-03,Bangalore,Beauty,3,2752,8256,10,825.6,7430.4,UPI
983,CUST1088,2023-06-25,Mumbai,Clothing,2,2695,5390,0,0.0,5390.0,Credit Card
984,CUST1054,2023-03-14,Mumbai,Electronics,2,2718,5436,5,271.8,5164.2,UPI
985,CUST1025,2023-12-20,Bangalore,Electronics,1,836,836,0,0.0,836.0,Net Banking
986,CUST1032,2023-02-25,Bangalore,Electronics,1,4406,4406,20,881.2,3524.8,Credit Card
987,CUST1026,2023-01-23,Pune,Beauty,1,2671,2671,0,0.0,2671.0,Credit Card
988,CUST1095,2023-10-28,Pune,Clothing,2,1713,3426,10,342.6,3083.4,Credit Card
989,CUST1030,2023-05-23,Chennai,Beauty,5,3049,15245,10,1524.5,13720.5,UPI
990,CUST1027,2023-09-16,Pune,Beauty,5,759,3795,0,0.0,3795.0,Cash on Delivery
991,CUST1064,2023-04-09,Pune,Clothing,3,1607,4821,20,964.2,3856.8,Credit Card
992,CUST1023,2023-12-29,Bangalore,Electronics,4,3202,12808,20,2561.6,10246.4,UPI
993,CUST1014,2023-07-01,Mumbai,Sports,4,3674,14696,5,734.8,13961.2,Cash on Delivery
994,CUST1097,2023-06-10,Mumbai,Sports,1,4016,4016,0,0.0,4016.0,Cash on Delivery
995,CUST1014,2023-07-04,Delhi,Sports,3,4764,14292,0,0.0,14292.0,Credit Card
996,CUST1070,2023-07-17,Bangalore,Clothing,3,3943,11829,20,2365.8,9463.2,Debit Card
997,CUST1022,2023-07-28,Bangalore,Home,3,3705,11115,5,555.75,10559.25,Credit Card
998,CUST1015,2023-01-07,Chennai,Electronics,4,1061,4244,15,636.6,3607.4,Net Banking
999,CUST1046,2023-03-15,Mumbai,Electronics,4,3481,13924,20,2784.8,11139.2,Credit Card
1000,CUST1054,2023-04-12,Pune,Clothing,3,1840,5520,20,1104.0,4416.0,Net Banking
